galaxy,radial_bin,n_points,mean_W,mean_abs_W,max_abs_W,frac_W_neg,frac_W_gt_1
CamB,core,1,-0.7739939847392721,0.7739939847392721,0.7739939847392721,1.0,0.0
CamB,inner_disk,2,-0.7554198897539528,0.7554198897539528,0.7824082631654723,1.0,0.0
CamB,mid_disk,3,-0.5634481036543691,0.5634481036543691,0.6638763487877413,1.0,0.0
CamB,outer_disk,1,-0.28674152541393855,0.28674152541393855,0.28674152541393855,1.0,0.0
CamB,edge,2,0.19165006765328807,0.304371871483825,0.49602193913711307,0.5,0.0
D512-2,core,0,,,,,
D512-2,inner_disk,1,1.2111246457693234,1.2111246457693234,1.2111246457693234,0.0,1.0
D512-2,mid_disk,1,1.297914564468149,1.297914564468149,1.297914564468149,0.0,1.0
D512-2,outer_disk,1,1.8937545180933901,1.8937545180933901,1.8937545180933901,0.0,1.0
D512-2,edge,1,1.7500216044015369,1.7500216044015369,1.7500216044015369,0.0,1.0
D564-8,core,1,0.3894247530505517,0.3894247530505517,0.3894247530505517,0.0,0.0
D564-8,inner_disk,1,1.2050297617608519,1.2050297617608519,1.2050297617608519,0.0,1.0
D564-8,mid_disk,1,2.1918921185406406,2.1918921185406406,2.1918921185406406,0.0,1.0
D564-8,outer_disk,1,2.8796461150554804,2.8796461150554804,2.8796461150554804,0.0,1.0
D564-8,edge,2,4.364401793562726,4.364401793562726,4.782534156272754,0.0,1.0
D631-7,core,3,-0.29473387643967647,0.29473387643967647,0.5848317769242916,1.0,0.0
D631-7,inner_disk,3,0.546656106506882,0.546656106506882,0.9382273711787039,0.0,0.0
D631-7,mid_disk,3,2.044717241115137,2.044717241115137,2.654862409341705,0.0,1.0
D631-7,outer_disk,3,4.279373077787437,4.279373077787437,5.102167824282194,0.0,1.0
D631-7,edge,4,6.6837124236699035,6.683712423669903,7.332645986712088,0.0,1.0
DDO064,core,3,3.8458856783367743,3.8458856783367743,6.729627820650585,0.0,1.0
DDO064,inner_disk,3,1.0838406672840188,1.083840667284019,1.3886948151121303,0.0,0.6666666666666666
DDO064,mid_disk,3,2.1547756631116055,2.1547756631116055,2.2200397075092035,0.0,1.0
DDO064,outer_disk,4,1.8749806549494135,1.8749806549494135,2.012504827169078,0.0,1.0
DDO064,edge,1,1.7924711784921274,1.7924711784921274,1.7924711784921274,0.0,1.0
DDO154,core,2,0.44781572611098164,0.44781572611098164,0.7451013468654494,0.0,0.0
DDO154,inner_disk,2,2.3548110126715547,2.3548110126715547,2.7878709826976693,0.0,1.0
DDO154,mid_disk,3,3.955052864827332,3.955052864827332,4.237155060767438,0.0,1.0
DDO154,outer_disk,2,4.944058066744166,4.944058066744166,5.2637146652652875,0.0,1.0
DDO154,edge,3,6.181561994443309,6.181561994443309,6.296075318348423,0.0,1.0
DDO161,core,8,0.08991794439875889,0.08991794439875889,0.2486556222426538,0.0,0.0
DDO161,inner_disk,6,0.5682201450832789,0.5682201450832789,1.0588291458636105,0.0,0.16666666666666666
DDO161,mid_disk,5,1.539629015511933,1.539629015511933,1.7689679505529392,0.0,1.0
DDO161,outer_disk,6,2.02754353522822,2.02754353522822,2.457968183277437,0.0,1.0
DDO161,edge,6,3.050222438402665,3.050222438402665,3.560361187461394,0.0,1.0
DDO168,core,2,0.19784690891632256,0.19784690891632256,0.2717145255233106,0.0,0.0
DDO168,inner_disk,2,0.6618353923396374,0.6618353923396374,0.9743864921372734,0.0,0.0
DDO168,mid_disk,2,1.9503172333026484,1.9503172333026484,2.3839696870039044,0.0,1.0
DDO168,outer_disk,1,2.4321049309840808,2.4321049309840808,2.4321049309840808,0.0,1.0
DDO168,edge,3,2.622373800894654,2.622373800894654,2.727328600796577,0.0,1.0
DDO170,core,1,0.8888603054759936,0.8888603054759936,0.8888603054759936,0.0,0.0
DDO170,inner_disk,2,2.13392654369059,2.13392654369059,2.3549318929046095,0.0,1.0
DDO170,mid_disk,1,2.1766825156888876,2.1766825156888876,2.1766825156888876,0.0,1.0
DDO170,outer_disk,2,2.2304366110377227,2.2304366110377227,2.2689494595621738,0.0,1.0
DDO170,edge,2,3.1360173760251513,3.1360173760251513,3.576829260646478,0.0,1.0
ESO079-G014,core,4,-0.01104143285066373,0.2205952861702283,0.3075415433649838,0.5,0.0
ESO079-G014,inner_disk,4,0.4414896334406657,0.45375563326105967,0.8621423646525541,0.25,0.0
ESO079-G014,mid_disk,2,0.8107842896890209,0.8107842896890209,0.8316262649409676,0.0,0.0
ESO079-G014,outer_disk,2,0.5452605815815488,0.5452605815815488,0.5486772204549455,0.0,0.0
ESO079-G014,edge,3,0.7339462330681529,0.7339462330681529,0.855846464024992,0.0,0.0
ESO116-G012,core,4,0.241789571563008,0.241789571563008,0.4542044288965913,0.0,0.0
ESO116-G012,inner_disk,3,0.7023916132629573,0.7023916132629573,0.7962199945270289,0.0,0.0
ESO116-G012,mid_disk,2,1.206219872785522,1.206219872785522,1.287473816205328,0.0,1.0
ESO116-G012,outer_disk,3,1.9379413476745049,1.9379413476745049,2.113043679217788,0.0,1.0
ESO116-G012,edge,3,2.46371337211515,2.46371337211515,2.817659059185645,0.0,1.0
ESO444-G084,core,2,2.6272133889972933,2.6272133889972933,2.715872096506821,0.0,1.0
ESO444-G084,inner_disk,1,3.74019328480225,3.74019328480225,3.74019328480225,0.0,1.0
ESO444-G084,mid_disk,2,4.574110577584069,4.574110577584069,5.067749927174374,0.0,1.0
ESO444-G084,outer_disk,1,8.909111950086235,8.909111950086235,8.909111950086235,0.0,1.0
ESO444-G084,edge,1,12.962361585348098,12.962361585348098,12.962361585348098,0.0,1.0
ESO563-G021,core,10,-0.13813758349710176,0.4477763357996841,0.9159453689371441,0.5,0.0
ESO563-G021,inner_disk,5,0.23770752903067308,0.23770752903067308,0.2703741844990889,0.0,0.0
ESO563-G021,mid_disk,5,0.35163491365014676,0.3516349136501468,0.4260186103056194,0.0,0.0
ESO563-G021,outer_disk,5,0.7032166725651294,0.7032166725651294,0.9472736401030412,0.0,0.0
ESO563-G021,edge,5,1.3605754979332398,1.3605754979332398,1.5089981415051965,0.0,1.0
F561-1,core,1,-0.35251813873915344,0.35251813873915344,0.35251813873915344,1.0,0.0
F561-1,inner_disk,1,0.08161432164554788,0.08161432164554788,0.08161432164554788,0.0,0.0
F561-1,mid_disk,1,0.1659346476241655,0.1659346476241655,0.1659346476241655,0.0,0.0
F561-1,outer_disk,1,0.01906078635452771,0.01906078635452771,0.01906078635452771,0.0,0.0
F561-1,edge,2,-0.19582330658233332,0.19582330658233332,0.23036210818051733,1.0,0.0
F563-V1,core,1,-0.0002721481374516262,0.0002721481374516262,0.0002721481374516262,1.0,0.0
F563-V1,inner_disk,1,0.24825673758827618,0.24825673758827618,0.24825673758827618,0.0,0.0
F563-V1,mid_disk,1,0.10805830784990694,0.10805830784990694,0.10805830784990694,0.0,0.0
F563-V1,outer_disk,1,0.017117732034913295,0.017117732034913295,0.017117732034913295,0.0,0.0
F563-V1,edge,2,-0.15351741854362796,0.15351741854362796,0.21640621172266977,1.0,0.0
F563-V2,core,4,3.2388806826850907,3.2388806826850907,4.156763754889503,0.0,1.0
F563-V2,inner_disk,1,4.656087080454222,4.656087080454222,4.656087080454222,0.0,1.0
F563-V2,mid_disk,1,4.634198492344669,4.634198492344669,4.634198492344669,0.0,1.0
F563-V2,outer_disk,1,3.684104070237891,3.684104070237891,3.684104070237891,0.0,1.0
F563-V2,edge,3,3.526548987640878,3.526548987640878,3.6520123377888827,0.0,1.0
F565-V2,core,1,1.8986765158510306,1.8986765158510306,1.8986765158510306,0.0,1.0
F565-V2,inner_disk,1,2.9480711556632837,2.9480711556632837,2.9480711556632837,0.0,1.0
F565-V2,mid_disk,2,5.334412790757895,5.334412790757895,5.970767270931056,0.0,1.0
F565-V2,outer_disk,1,5.147176531753271,5.147176531753271,5.147176531753271,0.0,1.0
F565-V2,edge,2,5.170710320648382,5.170710320648382,5.371108996309143,0.0,1.0
F567-2,core,0,,,,,
F567-2,inner_disk,2,0.459105384625152,0.459105384625152,0.8370548209352989,0.0,0.0
F567-2,mid_disk,1,1.0904544867418298,1.0904544867418298,1.0904544867418298,0.0,1.0
F567-2,outer_disk,1,0.662645414371041,0.662645414371041,0.662645414371041,0.0,0.0
F567-2,edge,1,0.6229807073144863,0.6229807073144863,0.6229807073144863,0.0,0.0
F568-1,core,3,1.529328884794409,1.529328884794409,2.6385772775745915,0.0,0.6666666666666666
F568-1,inner_disk,3,5.093721947121831,5.093721947121831,5.822090730120251,0.0,1.0
F568-1,mid_disk,2,4.923711782666187,4.923711782666187,5.672920203739283,0.0,1.0
F568-1,outer_disk,3,3.585007153462314,3.585007153462314,3.7517941049882815,0.0,1.0
F568-1,edge,1,3.2506816974908905,3.2506816974908905,3.2506816974908905,0.0,1.0
F568-3,core,6,0.6116913331060782,0.668377395308533,1.6803407808353874,0.16666666666666666,0.3333333333333333
F568-3,inner_disk,6,1.9474826888217045,1.9474826888217043,2.184309304833701,0.0,1.0
F568-3,mid_disk,2,1.6753462301816295,1.6753462301816295,1.7093705182208025,0.0,1.0
F568-3,outer_disk,2,1.8336368299397223,1.8336368299397223,1.9825162392004594,0.0,1.0
F568-3,edge,2,2.581241310982202,2.581241310982202,2.6743496382003142,0.0,1.0
F568-V1,core,4,2.4333405486105217,2.4333405486105217,4.279580964026245,0.0,1.0
F568-V1,inner_disk,5,4.392831580152503,4.392831580152503,4.788043988580611,0.0,1.0
F568-V1,mid_disk,4,4.003182165206448,4.003182165206448,4.353830817101334,0.0,1.0
F568-V1,outer_disk,1,3.5058272990393613,3.5058272990393613,3.5058272990393613,0.0,1.0
F568-V1,edge,1,4.81354737742586,4.81354737742586,4.81354737742586,0.0,1.0
F571-8,core,4,-0.7613496355788082,0.7613496355788081,0.8951853496713122,1.0,0.0
F571-8,inner_disk,5,0.2578262690489909,0.5242476447277666,1.002822378009534,0.4,0.2
F571-8,mid_disk,2,2.1919606863488883,2.1919606863488883,2.7869021143879653,0.0,1.0
F571-8,outer_disk,1,3.59444893054356,3.59444893054356,3.59444893054356,0.0,1.0
F571-8,edge,1,5.480560365954142,5.480560365954142,5.480560365954142,0.0,1.0
F571-V1,core,1,0.6279423587581152,0.6279423587581152,0.6279423587581152,0.0,0.0
F571-V1,inner_disk,1,1.221860740061728,1.221860740061728,1.221860740061728,0.0,1.0
F571-V1,mid_disk,2,2.3576699855550975,2.3576699855550975,2.445252617380902,0.0,1.0
F571-V1,outer_disk,1,2.5967546690697687,2.5967546690697687,2.5967546690697687,0.0,1.0
F571-V1,edge,2,3.2711355934066244,3.2711355934066244,3.583008775623783,0.0,1.0
F574-1,core,3,0.7046766834500033,0.7046766834500032,1.1734694666086753,0.0,0.3333333333333333
F574-1,inner_disk,2,2.2718903676796565,2.2718903676796565,2.447634244291486,0.0,1.0
F574-1,mid_disk,3,2.2822761106017517,2.2822761106017517,2.362305030787942,0.0,1.0
F574-1,outer_disk,3,2.267963914862287,2.267963914862287,2.338346299886034,0.0,1.0
F574-1,edge,3,1.9863921104317168,1.9863921104317168,2.0909130460954017,0.0,1.0
F574-2,core,0,,,,,
F574-2,inner_disk,2,-0.5236142915893927,0.5236142915893927,0.7068911053192543,1.0,0.0
F574-2,mid_disk,1,-0.3568488451863709,0.3568488451863709,0.3568488451863709,1.0,0.0
F574-2,outer_disk,1,-0.2574921533936418,0.2574921533936418,0.2574921533936418,1.0,0.0
F574-2,edge,1,-0.24267213103968382,0.24267213103968382,0.24267213103968382,1.0,0.0
F579-V1,core,4,3.1231304487398215,3.123130448739821,4.316087579111056,0.0,1.0
F579-V1,inner_disk,3,1.6934383227402232,1.6934383227402232,2.041695076643351,0.0,1.0
F579-V1,mid_disk,3,1.2218021110678912,1.2218021110678912,1.2868629156063087,0.0,1.0
F579-V1,outer_disk,2,1.137742079463007,1.137742079463007,1.138015585271566,0.0,1.0
F579-V1,edge,2,1.4066946644674454,1.4066946644674454,1.5319580309837548,0.0,1.0
F583-1,core,11,2.5183802955891523,2.5812900235708747,7.2448865921960595,0.09090909090909091,0.6363636363636364
F583-1,inner_disk,9,4.8665906702203365,4.8665906702203365,5.265089075921881,0.0,1.0
F583-1,mid_disk,2,4.791340300342005,4.791340300342005,4.950500337095016,0.0,1.0
F583-1,outer_disk,1,3.8137797177888264,3.8137797177888264,3.8137797177888264,0.0,1.0
F583-1,edge,2,3.008814285361731,3.008814285361731,3.0518059153412125,0.0,1.0
F583-4,core,3,1.559923412541095,1.559923412541095,2.6381836092662607,0.0,0.6666666666666666
F583-4,inner_disk,1,0.7118971920901335,0.7118971920901335,0.7118971920901335,0.0,0.0
F583-4,mid_disk,2,1.0326766683423871,1.0326766683423871,1.0960517857735443,0.0,0.5
F583-4,outer_disk,3,1.312524823658497,1.312524823658497,1.390834716370649,0.0,1.0
F583-4,edge,3,1.7379617249356318,1.7379617249356318,2.0517525836942685,0.0,1.0
IC2574,core,5,0.279711308172285,0.279711308172285,0.41204417025670764,0.0,0.0
IC2574,inner_disk,7,1.356224649508786,1.356224649508786,2.1725008212834966,0.0,0.7142857142857143
IC2574,mid_disk,7,1.2791665608735698,1.2791665608735698,1.5957233834929838,0.0,1.0
IC2574,outer_disk,7,1.7534807755495738,1.7534807755495743,2.114362735379423,0.0,1.0
IC2574,edge,8,2.2872304085127113,2.2872304085127113,2.6025694358869176,0.0,1.0
IC4202,core,6,-0.45422282547353854,0.4542228254735385,0.93281225588742,1.0,0.0
IC4202,inner_disk,7,0.08371329875692515,0.09300748367388383,0.175587198546515,0.14285714285714285,0.0
IC4202,mid_disk,7,0.018227454641963275,0.043108401245952686,0.09304646337646398,0.42857142857142855,0.0
IC4202,outer_disk,6,0.16931665230955098,0.16931665230955104,0.24562694016441142,0.0,0.0
IC4202,edge,6,0.4271264339675869,0.4271264339675869,0.6173310790286386,0.0,0.0
KK98-251,core,3,0.7609644645922522,0.7609644645922522,0.9833680555555557,0.0,0.0
KK98-251,inner_disk,4,0.8228480560012243,0.8228480560012242,0.905071445401209,0.0,0.0
KK98-251,mid_disk,3,0.8871979035824108,0.8871979035824108,1.0622638831126465,0.0,0.3333333333333333
KK98-251,outer_disk,3,1.3549374866256707,1.3549374866256707,1.453533366470055,0.0,1.0
KK98-251,edge,2,1.4883689601168777,1.4883689601168777,1.5531825720688415,0.0,1.0
NGC0024,core,20,1.0441744920543041,1.0567682539811445,1.7280930399513195,0.05,0.65
NGC0024,inner_disk,5,1.1910723062667965,1.1910723062667967,1.227449717545407,0.0,1.0
NGC0024,mid_disk,0,,,,,
NGC0024,outer_disk,2,2.560123126816495,2.560123126816495,2.956402528675028,0.0,1.0
NGC0024,edge,2,4.495377592948973,4.495377592948973,4.9750935386079185,0.0,1.0
NGC0055,core,3,-0.031262351838633975,0.05282136585947417,0.12612557654716222,0.3333333333333333,0.0
NGC0055,inner_disk,4,0.4617025701409794,0.4617025701409794,0.678400176387169,0.0,0.0
NGC0055,mid_disk,5,0.9944332449647832,0.9944332449647832,1.1785950778059817,0.0,0.6
NGC0055,outer_disk,4,1.1729737723771756,1.1729737723771756,1.2183296856997257,0.0,1.0
NGC0055,edge,5,1.2538579072594351,1.2538579072594354,1.3098876852507848,0.0,1.0
NGC0100,core,4,-0.21849184264356344,0.23648107995399342,0.5079380573696132,0.75,0.0
NGC0100,inner_disk,4,0.2865846943446215,0.2865846943446215,0.46968174337845336,0.0,0.0
NGC0100,mid_disk,5,0.9498869444567536,0.9498869444567536,1.1542592613309017,0.0,0.4
NGC0100,outer_disk,3,1.7374281836699843,1.7374281836699843,2.0203508947246616,0.0,1.0
NGC0100,edge,5,2.66190480963306,2.66190480963306,3.0036365363988433,0.0,1.0
NGC0247,core,4,1.6168854549965508,1.6168854549965508,1.8545532928650676,0.0,1.0
NGC0247,inner_disk,5,1.2367891411349707,1.2367891411349707,1.5268330978891682,0.0,1.0
NGC0247,mid_disk,6,1.2091127127620236,1.2091127127620234,1.3137491601003604,0.0,1.0
NGC0247,outer_disk,5,1.4354693192324497,1.4354693192324497,1.5196403707235207,0.0,1.0
NGC0247,edge,6,1.8474269711858922,1.847426971185892,2.194426513946536,0.0,1.0
NGC0289,core,9,-0.16583839531078967,0.28647916793910044,0.38948900876810777,0.7777777777777778,0.0
NGC0289,inner_disk,4,0.5027985011365035,0.5027985011365035,0.636241459714041,0.0,0.0
NGC0289,mid_disk,5,1.377715139504326,1.377715139504326,1.640193737486599,0.0,1.0
NGC0289,outer_disk,5,1.922599418143116,1.922599418143116,2.0289107090453293,0.0,1.0
NGC0289,edge,5,2.27979910416069,2.27979910416069,2.762701345638746,0.0,1.0
NGC0300,core,4,0.478467880192134,0.478467880192134,0.6438118832048858,0.0,0.0
NGC0300,inner_disk,5,1.3198541687384648,1.3198541687384648,1.6691071809855744,0.0,0.6
NGC0300,mid_disk,5,1.7154363923623002,1.7154363923623002,1.9668988739747615,0.0,1.0
NGC0300,outer_disk,5,2.1714100609328617,2.1714100609328613,2.7578914762233695,0.0,1.0
NGC0300,edge,6,3.6023730948745474,3.602373094874547,4.10954732704148,0.0,1.0
NGC0801,core,6,-0.35747239573516265,0.35747239573516265,0.5515692674759936,1.0,0.0
NGC0801,inner_disk,1,-0.1665872571799088,0.1665872571799088,0.1665872571799088,1.0,0.0
NGC0801,mid_disk,2,-0.0717410901465024,0.0717410901465024,0.09730358949655422,1.0,0.0
NGC0801,outer_disk,2,0.15374436961348556,0.15374436961348556,0.23648348470918565,0.0,0.0
NGC0801,edge,2,0.5134569393589383,0.5134569393589383,0.5813086604895532,0.0,0.0
NGC0891,core,3,-0.5486226521904741,0.5486226521904741,0.6754824706311437,1.0,0.0
NGC0891,inner_disk,3,-0.5165331874527254,0.5165331874527254,0.5736367202819256,1.0,0.0
NGC0891,mid_disk,4,-0.326368086564444,0.326368086564444,0.41368940359746686,1.0,0.0
NGC0891,outer_disk,4,-0.12365045310709338,0.12365045310709338,0.17260004871750959,1.0,0.0
NGC0891,edge,4,0.028889380637142536,0.04265566201920056,0.07853652216609813,0.25,0.0
NGC1003,core,6,-0.06110193720622568,0.1465238456801756,0.32050064921564264,0.6666666666666666,0.0
NGC1003,inner_disk,8,1.1019699965815106,1.1019699965815106,1.4365653654332653,0.0,0.75
NGC1003,mid_disk,7,2.2455926063108245,2.245592606310825,2.9840339433187415,0.0,1.0
NGC1003,outer_disk,7,4.195748212641751,4.195748212641751,5.175608824534899,0.0,1.0
NGC1003,edge,8,5.31978778457515,5.31978778457515,5.9951354527532805,0.0,1.0
NGC1090,core,5,-0.43157421908608457,0.4392439976200553,0.8163282468747504,0.8,0.0
NGC1090,inner_disk,5,0.002683908393730022,0.052067514027039775,0.08089246208711082,0.6,0.0
NGC1090,mid_disk,4,0.11394824544642454,0.11394824544642454,0.2145998675616226,0.0,0.0
NGC1090,outer_disk,5,0.45524835598694535,0.45524835598694546,0.6169430881111397,0.0,0.0
NGC1090,edge,5,0.7442869996723518,0.7442869996723518,0.8264044127814092,0.0,0.0
NGC1705,core,3,1.118821397808075,1.118821397808075,1.3746448798803697,0.0,0.6666666666666666
NGC1705,inner_disk,2,2.171012418822759,2.171012418822759,2.4489024555731738,0.0,1.0
NGC1705,mid_disk,3,3.8105710652121374,3.8105710652121374,4.521611103143669,0.0,1.0
NGC1705,outer_disk,3,6.006065591052575,6.006065591052575,6.615111861595258,0.0,1.0
NGC1705,edge,3,7.535022146030296,7.535022146030296,7.773537613587472,0.0,1.0
NGC2366,core,5,-0.08117277770254389,0.13564173016862707,0.29567717062159105,0.6,0.0
NGC2366,inner_disk,5,0.7608956950774184,0.7608956950774184,1.0881548685976885,0.0,0.4
NGC2366,mid_disk,5,1.6107434085625787,1.6107434085625787,1.809729473537394,0.0,1.0
NGC2366,outer_disk,5,1.9953831690836625,1.9953831690836625,2.15112675819321,0.0,1.0
NGC2366,edge,6,1.7546126446996382,1.7546126446996377,1.8960233442029528,0.0,1.0
NGC2683,core,2,-0.2463561487272289,0.2463561487272289,0.28076303557801546,1.0,0.0
NGC2683,inner_disk,2,0.046335168003195926,0.046335168003195926,0.08597478577769509,0.0,0.0
NGC2683,mid_disk,3,0.39501282267677124,0.39501282267677124,0.6016383029537449,0.0,0.0
NGC2683,outer_disk,1,0.3947756255136299,0.3947756255136299,0.3947756255136299,0.0,0.0
NGC2683,edge,3,1.1062600538504979,1.1062600538504979,1.1880573963700376,0.0,1.0
NGC2841,core,25,0.22872237968631356,0.23142057654585724,0.38780710632928034,0.04,0.0
NGC2841,inner_disk,6,0.8226949034258206,0.8226949034258206,1.137370204787588,0.0,0.3333333333333333
NGC2841,mid_disk,6,1.681198505947265,1.681198505947265,1.9657229576910775,0.0,1.0
NGC2841,outer_disk,6,2.2437029654581884,2.2437029654581884,2.8131574024542485,0.0,1.0
NGC2841,edge,7,3.4389669330182033,3.4389669330182033,3.9117810069856835,0.0,1.0
NGC2903,core,13,-0.5410619048977621,0.5410619048977621,0.9505273747355235,1.0,0.0
NGC2903,inner_disk,5,-0.17132433487887416,0.1713243348788742,0.3331675052470873,1.0,0.0
NGC2903,mid_disk,5,0.20057193864251027,0.20057193864251027,0.32572297347544155,0.0,0.0
NGC2903,outer_disk,5,0.5631905114750066,0.5631905114750066,0.7180436600449158,0.0,0.0
NGC2903,edge,6,0.9313944137079234,0.9313944137079234,1.124684276998631,0.0,0.3333333333333333
NGC2915,core,5,-0.13609197160031355,0.6509941912246845,1.0537853316896426,0.6,0.2
NGC2915,inner_disk,6,4.291385956627936,4.291385956627936,5.7105854546435655,0.0,1.0
NGC2915,mid_disk,6,7.04492991648992,7.04492991648992,8.082332313017394,0.0,1.0
NGC2915,outer_disk,7,8.223587059922652,8.223587059922652,8.723173716507402,0.0,1.0
NGC2915,edge,6,9.462319794143454,9.462319794143454,10.091944881309628,0.0,1.0
NGC2955,core,9,-0.2812020297855583,0.2812020297855583,0.3799098050237988,1.0,0.0
NGC2955,inner_disk,8,-0.27666156941688386,0.27666156941688386,0.4312226728611636,1.0,0.0
NGC2955,mid_disk,2,0.0028826403623951283,0.0223045947586245,0.02518723512101963,0.5,0.0
NGC2955,outer_disk,3,0.07791232115938959,0.07791232115938959,0.13020949963122433,0.0,0.0
NGC2955,edge,2,0.14602248091592834,0.14602248091592834,0.16787076185380007,0.0,0.0
NGC2976,core,6,-0.3593988327111303,0.3593988327111303,0.68031857526064,1.0,0.0
NGC2976,inner_disk,6,-0.12336832074981967,0.12336832074981967,0.22005530411915594,1.0,0.0
NGC2976,mid_disk,7,-0.07302313643133478,0.07302313643133476,0.18525221266583775,1.0,0.0
NGC2976,outer_disk,5,-0.0859712418531495,0.0859712418531495,0.10793992288380816,1.0,0.0
NGC2976,edge,3,0.11532045849001253,0.11532045849001253,0.19309088239598585,0.0,0.0
NGC2998,core,6,0.7312788472119388,0.7781608621422115,3.079384623318689,0.16666666666666666,0.16666666666666666
NGC2998,inner_disk,1,-0.014669786672458735,0.014669786672458735,0.014669786672458735,1.0,0.0
NGC2998,mid_disk,2,0.21472860892103915,0.21472860892103915,0.3483611580889099,0.0,0.0
NGC2998,outer_disk,2,0.6084595090530303,0.6084595090530303,0.6840032879357809,0.0,0.0
NGC2998,edge,2,0.9280159031966315,0.9280159031966315,0.9555035509432306,0.0,0.0
NGC3109,core,5,2.705087605395609,2.705087605395609,3.668872570001449,0.0,1.0
NGC3109,inner_disk,5,3.244332283481036,3.244332283481036,3.7942462144366473,0.0,1.0
NGC3109,mid_disk,5,4.609797368463316,4.609797368463316,5.154919941135062,0.0,1.0
NGC3109,outer_disk,5,6.079162137105619,6.079162137105619,6.509222998875706,0.0,1.0
NGC3109,edge,5,6.909036010976377,6.909036010976377,7.449970849560411,0.0,1.0
NGC3198,core,23,-0.10664895986218775,0.18357346085157378,0.8513219995492912,0.43478260869565216,0.0
NGC3198,inner_disk,6,0.49004626994489914,0.49004626994489914,0.7953458643806517,0.0,0.0
NGC3198,mid_disk,5,1.2940838025846895,1.2940838025846895,1.5387388959476123,0.0,1.0
NGC3198,outer_disk,4,1.8515270133107569,1.8515270133107569,2.1130598117650523,0.0,1.0
NGC3198,edge,5,2.445527385246981,2.445527385246981,2.6473275288127947,0.0,1.0
NGC3521,core,18,-0.40119003468672443,0.40119003468672443,0.46603926144975893,1.0,0.0
NGC3521,inner_disk,18,-0.33413798016509433,0.33413798016509433,0.4060775075546716,1.0,0.0
NGC3521,mid_disk,1,-0.02381846207384436,0.02381846207384436,0.02381846207384436,1.0,0.0
NGC3521,outer_disk,2,0.26123825334312994,0.26123825334312994,0.33857868008615866,0.0,0.0
NGC3521,edge,2,0.6759835972164974,0.6759835972164974,0.8054616900927904,0.0,0.0
NGC3726,core,2,-0.43724522346920147,0.43724522346920147,0.4555027038577021,1.0,0.0
NGC3726,inner_disk,4,-0.20558696058084042,0.20558696058084042,0.3376479956247026,1.0,0.0
NGC3726,mid_disk,2,-0.12765834968884898,0.12765834968884898,0.13804248056299132,1.0,0.0
NGC3726,outer_disk,1,0.40654353757644396,0.40654353757644396,0.40654353757644396,0.0,0.0
NGC3726,edge,3,1.259379883366206,1.259379883366206,1.440409306929532,0.0,1.0
NGC3741,core,6,1.800241797832175,1.8002417978321752,3.1918273241264243,0.0,0.6666666666666666
NGC3741,inner_disk,6,5.977970925189051,5.977970925189051,7.845932604867922,0.0,1.0
NGC3741,mid_disk,2,8.637110145660719,8.637110145660719,8.776453486657507,0.0,1.0
NGC3741,outer_disk,3,9.41500714483328,9.415007144833282,9.914036966442906,0.0,1.0
NGC3741,edge,4,11.45750198666105,11.45750198666105,12.647491071025835,0.0,1.0
NGC3769,core,4,-0.23145207606837326,0.31921409812079804,0.5237002227773424,0.75,0.0
NGC3769,inner_disk,4,0.6625617936044375,0.6625617936044375,0.8973363836094237,0.0,0.0
NGC3769,mid_disk,1,1.4211679177877827,1.4211679177877827,1.4211679177877827,0.0,1.0
NGC3769,outer_disk,0,,,,,
NGC3769,edge,3,3.0160539412221925,3.0160539412221925,3.0808052187180004,0.0,1.0
NGC3877,core,2,-0.6885011479440932,0.6885011479440932,0.862313618229074,1.0,0.0
NGC3877,inner_disk,3,0.0806003338446613,0.09148450476645652,0.13953717474984548,0.3333333333333333,0.0
NGC3877,mid_disk,2,-0.11274212602823665,0.11274212602823665,0.2138524211916558,1.0,0.0
NGC3877,outer_disk,3,-0.2802144599308853,0.2802144599308853,0.28926078539952416,1.0,0.0
NGC3877,edge,3,-0.26037259350526026,0.26037259350526026,0.29642882057286496,1.0,0.0
NGC3893,core,2,-0.40536619349760067,0.40536619349760067,0.4895446817952288,1.0,0.0
NGC3893,inner_disk,2,-0.10030864090979137,0.10030864090979137,0.17268298396119242,1.0,0.0
NGC3893,mid_disk,2,0.17045986112110117,0.17045986112110117,0.2626171287352728,0.0,0.0
NGC3893,outer_disk,1,0.4684716072007892,0.4684716072007892,0.4684716072007892,0.0,0.0
NGC3893,edge,3,0.6843370490160502,0.6843370490160502,0.7366654330526294,0.0,0.0
NGC3917,core,3,0.011609660762626631,0.3683589720573925,0.5351239669421488,0.3333333333333333,0.0
NGC3917,inner_disk,3,0.6003832377591608,0.6003832377591608,0.8584093560791027,0.0,0.0
NGC3917,mid_disk,4,0.4369033088655099,0.4369033088655099,0.5071416521582416,0.0,0.0
NGC3917,outer_disk,3,0.5489385458334907,0.5489385458334907,0.6019413456802335,0.0,0.0
NGC3917,edge,4,0.8964070164300779,0.8964070164300779,1.1276116989057063,0.0,0.25
NGC3949,core,0,,,,,
NGC3949,inner_disk,2,-0.400731047856896,0.400731047856896,0.41243354467653526,1.0,0.0
NGC3949,mid_disk,1,-0.4290572001826551,0.4290572001826551,0.4290572001826551,1.0,0.0
NGC3949,outer_disk,2,-0.2738023088253484,0.2738023088253484,0.3248559112848891,1.0,0.0
NGC3949,edge,2,0.006408569640254373,0.08095183702682693,0.08736040666708131,0.5,0.0
NGC3953,core,0,,,,,
NGC3953,inner_disk,2,-0.1769677902419175,0.1769677902419175,0.21370406506238004,1.0,0.0
NGC3953,mid_disk,2,-0.1394754589578991,0.1394754589578991,0.16778236500557725,1.0,0.0
NGC3953,outer_disk,2,-0.17699853187584286,0.17699853187584286,0.18551171830081278,1.0,0.0
NGC3953,edge,2,-0.08141537083661196,0.08141537083661196,0.10117721494271392,1.0,0.0
NGC3972,core,2,0.04264390170879215,0.3673753580588789,0.410019259767671,0.5,0.0
NGC3972,inner_disk,1,0.436563016028136,0.436563016028136,0.436563016028136,0.0,0.0
NGC3972,mid_disk,2,0.4772829499523443,0.4772829499523443,0.502246715492747,0.0,0.0
NGC3972,outer_disk,2,0.28646318197057163,0.28646318197057163,0.30568980239477433,0.0,0.0
NGC3972,edge,3,0.7084613113765545,0.7084613113765545,0.9013506514794396,0.0,0.0
NGC3992,core,1,0.2928621052478922,0.2928621052478922,0.2928621052478922,0.0,0.0
NGC3992,inner_disk,2,0.18770035259141202,0.18770035259141202,0.2304869548674105,0.0,0.0
NGC3992,mid_disk,2,0.42144952004780833,0.42144952004780833,0.5296072160660131,0.0,0.0
NGC3992,outer_disk,2,0.7053824380587614,0.7053824380587614,0.8489331837826636,0.0,0.0
NGC3992,edge,2,1.165987905368171,1.165987905368171,1.2587330015452716,0.0,1.0
NGC4010,core,2,0.08439073008444464,0.35560926991555514,0.4399999999999998,0.5,0.0
NGC4010,inner_disk,2,-0.30800736474797824,0.30800736474797824,0.3946672302941097,1.0,0.0
NGC4010,mid_disk,3,0.0796969635053557,0.14783784005710363,0.27349777937134845,0.3333333333333333,0.0
NGC4010,outer_disk,2,0.5135006801144923,0.5135006801144923,0.5186034396764873,0.0,0.0
NGC4010,edge,3,0.5516262971841663,0.5516262971841663,0.6043354913858966,0.0,0.0
NGC4013,core,2,-0.19610881665294805,0.19610881665294805,0.2336275886296544,1.0,0.0
NGC4013,inner_disk,8,-0.17767040693185415,0.18014085979574468,0.26403616264575547,0.875,0.0
NGC4013,mid_disk,9,0.16560836872693882,0.16560836872693882,0.3591565448157209,0.0,0.0
NGC4013,outer_disk,8,0.7205943483076408,0.7205943483076408,0.9622662539410137,0.0,0.0
NGC4013,edge,9,1.3764951246767905,1.3764951246767905,1.5331824595743364,0.0,1.0
NGC4051,core,1,-0.48737789293091976,0.48737789293091976,0.48737789293091976,1.0,0.0
NGC4051,inner_disk,1,-0.3009429851052023,0.3009429851052023,0.3009429851052023,1.0,0.0
NGC4051,mid_disk,2,-0.18638262089729152,0.18638262089729152,0.2280375274358027,1.0,0.0
NGC4051,outer_disk,1,-0.3373622963451554,0.3373622963451554,0.3373622963451554,1.0,0.0
NGC4051,edge,2,-0.26444136718369876,0.26444136718369876,0.30599262057353277,1.0,0.0
NGC4068,core,1,-0.540174672489083,0.540174672489083,0.540174672489083,1.0,0.0
NGC4068,inner_disk,1,-0.4182122187977697,0.4182122187977697,0.4182122187977697,1.0,0.0
NGC4068,mid_disk,1,-0.02691182273783647,0.02691182273783647,0.02691182273783647,1.0,0.0
NGC4068,outer_disk,1,0.3165805149047013,0.3165805149047013,0.3165805149047013,0.0,0.0
NGC4068,edge,2,0.7133998528864648,0.7133998528864648,0.9385474249631502,0.0,0.0
NGC4085,core,1,-0.8018435435916609,0.8018435435916609,0.8018435435916609,1.0,0.0
NGC4085,inner_disk,1,-0.621276813273382,0.621276813273382,0.621276813273382,1.0,0.0
NGC4085,mid_disk,2,-0.3354229293976139,0.3354229293976139,0.38835296090998095,1.0,0.0
NGC4085,outer_disk,1,-0.31462530788633086,0.31462530788633086,0.31462530788633086,1.0,0.0
NGC4085,edge,2,-0.15351694107455582,0.15351694107455582,0.2322731117161717,1.0,0.0
NGC4088,core,2,-0.5237391962222278,0.5237391962222278,0.6166338430238179,1.0,0.0
NGC4088,inner_disk,2,-0.5486858179398004,0.5486858179398004,0.550141699193858,1.0,0.0
NGC4088,mid_disk,3,-0.428133046270259,0.42813304627025905,0.45787961690550216,1.0,0.0
NGC4088,outer_disk,2,-0.2748977253907638,0.2748977253907638,0.3145118107533297,1.0,0.0
NGC4088,edge,3,0.0021232170080386545,0.11536869762986425,0.17531046775539846,0.3333333333333333,0.0
NGC4100,core,3,0.10022705338090421,0.16516361436527374,0.204338439771273,0.3333333333333333,0.0
NGC4100,inner_disk,5,-0.0443575414589918,0.059915822814104694,0.13142166479137418,0.6,0.0
NGC4100,mid_disk,5,0.3075949429492684,0.3075949429492684,0.42131007213739363,0.0,0.0
NGC4100,outer_disk,5,0.5840005488338708,0.5840005488338709,0.7660345460637124,0.0,0.0
NGC4100,edge,6,0.7944979474876263,0.7944979474876263,0.9379356206150481,0.0,0.0
NGC4138,core,1,-0.3963559102207667,0.3963559102207667,0.3963559102207667,1.0,0.0
NGC4138,inner_disk,1,-0.021725783925475098,0.021725783925475098,0.021725783925475098,1.0,0.0
NGC4138,mid_disk,2,0.2638540851623401,0.2638540851623401,0.324163379156766,0.0,0.0
NGC4138,outer_disk,1,0.36765476129214,0.36765476129214,0.36765476129214,0.0,0.0
NGC4138,edge,2,0.8622330307078323,0.8622330307078323,1.0386709235565275,0.0,0.5
NGC4157,core,3,-0.48431876331909746,0.48431876331909746,0.5758545986975261,1.0,0.0
NGC4157,inner_disk,3,-0.3523245898655724,0.3523245898655724,0.3778401979568625,1.0,0.0
NGC4157,mid_disk,4,-0.09131679877985115,0.11132394173511145,0.2299229402018267,0.75,0.0
NGC4157,outer_disk,3,0.28880263688965324,0.2888026368896533,0.41774024813946375,0.0,0.0
NGC4157,edge,4,0.7428982337181331,0.7428982337181332,0.93256248530709,0.0,0.0
NGC4183,core,4,0.7323410417917152,0.7323410417917152,0.9678345358767041,0.0,0.0
NGC4183,inner_disk,5,0.8446059712958988,0.8446059712958988,1.0286756343198444,0.0,0.2
NGC4183,mid_disk,5,0.7992981453945898,0.7992981453945898,1.0115384693875469,0.0,0.2
NGC4183,outer_disk,4,1.2992385697922821,1.2992385697922821,1.563147755971525,0.0,1.0
NGC4183,edge,5,1.9917349721538322,1.9917349721538322,2.4172417065451914,0.0,1.0
NGC4214,core,3,0.8298585951260975,0.8298585951260975,1.871872395537362,0.0,0.3333333333333333
NGC4214,inner_disk,2,0.6197947520057713,0.6197947520057713,0.8299232250072389,0.0,0.0
NGC4214,mid_disk,3,1.8039456405046772,1.8039456405046772,2.2645893103693027,0.0,1.0
NGC4214,outer_disk,3,3.2087541993185886,3.2087541993185886,3.650023579844354,0.0,1.0
NGC4214,edge,3,4.519970466984369,4.519970466984369,4.865156015248197,0.0,1.0
NGC4217,core,3,-0.8010239743398307,0.8010239743398307,0.9050161210777817,1.0,0.0
NGC4217,inner_disk,4,-0.5449584278248014,0.5449584278248014,0.6628718055914368,1.0,0.0
NGC4217,mid_disk,4,-0.250684569074216,0.250684569074216,0.3647183729074529,1.0,0.0
NGC4217,outer_disk,4,0.04537061712909983,0.06032392419516233,0.11403456985426719,0.25,0.0
NGC4217,edge,4,0.23078157435164995,0.23078157435164995,0.3418235079940265,0.0,0.0
NGC4389,core,1,-0.9007266922280105,0.9007266922280105,0.9007266922280105,1.0,0.0
NGC4389,inner_disk,1,-0.7984030792256681,0.7984030792256681,0.7984030792256681,1.0,0.0
NGC4389,mid_disk,1,-0.727366930143344,0.727366930143344,0.727366930143344,1.0,0.0
NGC4389,outer_disk,1,-0.661784885378632,0.661784885378632,0.661784885378632,1.0,0.0
NGC4389,edge,2,-0.5068474985258371,0.5068474985258371,0.6141800102856692,1.0,0.0
NGC4559,core,6,-0.28391824812110206,0.28391824812110206,0.45017472867273284,1.0,0.0
NGC4559,inner_disk,6,-0.10872823899464655,0.11909999495223776,0.21790570752761043,0.8333333333333334,0.0
NGC4559,mid_disk,7,0.3116448426332011,0.3116448426332011,0.5863092769986207,0.0,0.0
NGC4559,outer_disk,6,0.8230934494203144,0.8230934494203144,0.9313730520263184,0.0,0.0
NGC4559,edge,7,0.9998075184547028,0.9998075184547027,1.0488706506622005,0.0,0.5714285714285714
NGC5005,core,4,-0.4091093330567088,0.4091093330567088,0.46635870226580445,1.0,0.0
NGC5005,inner_disk,5,-0.3773578726684168,0.37735787266841675,0.42616350128390756,1.0,0.0
NGC5005,mid_disk,3,-0.31388014574885825,0.31388014574885825,0.33568124298195157,1.0,0.0
NGC5005,outer_disk,3,-0.24097482641750836,0.24097482641750836,0.2633681440820709,1.0,0.0
NGC5005,edge,3,-0.1349532516262594,0.1349532516262594,0.1948290250869435,1.0,0.0
NGC5033,core,6,-0.3157460443303745,0.31574604433037456,0.5097385025291211,1.0,0.0
NGC5033,inner_disk,4,0.35591256033741103,0.35591256033741103,0.5863514363671282,0.0,0.0
NGC5033,mid_disk,4,0.9050045937510011,0.9050045937510012,1.0716712642534738,0.0,0.25
NGC5033,outer_disk,4,1.2237276344460897,1.2237276344460897,1.2391942708619914,0.0,1.0
NGC5033,edge,4,1.6787585657942616,1.6787585657942616,1.9839985485786318,0.0,1.0
NGC5055,core,12,-0.4985438939166107,0.49854389391661064,0.6151385920782976,1.0,0.0
NGC5055,inner_disk,4,-0.13916985697226686,0.16216105060858743,0.3088955177296385,0.75,0.0
NGC5055,mid_disk,4,0.29494238525533917,0.29494238525533917,0.4406694782888887,0.0,0.0
NGC5055,outer_disk,4,0.7177168027785872,0.7177168027785873,0.8738175550967041,0.0,0.0
NGC5055,edge,4,1.0717576027444011,1.0717576027444011,1.1605057733499158,0.0,0.75
NGC5371,core,6,-0.20105092813273154,0.20105092813273154,0.2369666765611086,1.0,0.0
NGC5371,inner_disk,3,-0.3456591009098624,0.3456591009098624,0.38030355331045346,1.0,0.0
NGC5371,mid_disk,3,-0.31034875662230754,0.31034875662230754,0.34559568261390844,1.0,0.0
NGC5371,outer_disk,3,-0.20828629254294673,0.20828629254294673,0.21971364269786675,1.0,0.0
NGC5371,edge,4,0.08918522432191814,0.12438030062995364,0.2745715318316971,0.25,0.0
NGC5585,core,11,-0.24233939215444986,0.2423393921544499,0.3973543910252621,1.0,0.0
NGC5585,inner_disk,3,0.4830947580911196,0.4830947580911196,0.6064125475492932,0.0,0.0
NGC5585,mid_disk,3,1.0284339497611794,1.0284339497611794,1.3801196083867255,0.0,0.6666666666666666
NGC5585,outer_disk,3,1.9313960029974198,1.9313960029974198,2.1335548460608544,0.0,1.0
NGC5585,edge,4,2.385464480009082,2.385464480009082,2.5184380388356082,0.0,1.0
NGC5907,core,2,0.2783894323788212,0.2783894323788212,0.4316921961817843,0.0,0.0
NGC5907,inner_disk,5,0.08265269256228967,0.08265269256228967,0.1845682388631321,0.0,0.0
NGC5907,mid_disk,3,0.3484059868807006,0.3484059868807006,0.5146810243828118,0.0,0.0
NGC5907,outer_disk,5,0.6349266069168612,0.6349266069168612,0.9080056353205154,0.0,0.0
NGC5907,edge,4,1.189329307432476,1.189329307432476,1.302192784334822,0.0,1.0
NGC5985,core,5,1.1900950571862425,1.1900950571862425,1.3831883697056402,0.0,0.8
NGC5985,inner_disk,9,1.0221299989018229,1.0221299989018227,1.3013102180003686,0.0,0.5555555555555556
NGC5985,mid_disk,9,0.6706962940058179,0.6706962940058179,0.783501912773613,0.0,0.0
NGC5985,outer_disk,7,0.9172939234570493,0.9172939234570493,1.0572780646946023,0.0,0.14285714285714285
NGC5985,edge,3,1.1829652858200077,1.1829652858200077,1.2533469005207143,0.0,1.0
NGC6015,core,17,0.14513071004864866,0.1833422078057688,0.43042208626717454,0.23529411764705882,0.0
NGC6015,inner_disk,5,0.18413824039157442,0.18413824039157442,0.390620056317826,0.0,0.0
NGC6015,mid_disk,7,0.8622646739587376,0.8622646739587377,1.263065624424297,0.0,0.2857142857142857
NGC6015,outer_disk,7,1.7875295342032882,1.7875295342032882,2.018177679094182,0.0,1.0
NGC6015,edge,8,2.242519630387284,2.242519630387284,2.790114442053145,0.0,1.0
NGC6195,core,6,-0.32398849096036103,0.32398849096036103,0.48007169913981235,1.0,0.0
NGC6195,inner_disk,8,-0.30648294708272794,0.30648294708272794,0.38950149714330584,1.0,0.0
NGC6195,mid_disk,4,-0.2636083038720396,0.2636083038720396,0.28298292260092717,1.0,0.0
NGC6195,outer_disk,2,-0.1566595379383936,0.1566595379383936,0.21860914702726036,1.0,0.0
NGC6195,edge,3,0.09630300198684472,0.09630300198684472,0.1829485692897179,0.0,0.0
NGC6503,core,6,-0.112742172742747,0.22552445010344738,0.40804224993258525,0.6666666666666666,0.0
NGC6503,inner_disk,6,0.5822531504822824,0.5822531504822824,0.9152391750681825,0.0,0.0
NGC6503,mid_disk,6,1.4053231819183907,1.4053231819183907,1.6750357221439443,0.0,1.0
NGC6503,outer_disk,6,2.1078460080177606,2.1078460080177606,2.410653074945523,0.0,1.0
NGC6503,edge,7,2.9834050544505617,2.9834050544505617,3.4479810785108276,0.0,1.0
NGC6674,core,3,0.25362495850986205,0.28481810242022765,0.41271573282368035,0.3333333333333333,0.0
NGC6674,inner_disk,3,0.5224951755698085,0.5224951755698085,0.6209653325309731,0.0,0.0
NGC6674,mid_disk,3,0.9637571456624219,0.9637571456624219,1.1146943597443093,0.0,0.3333333333333333
NGC6674,outer_disk,3,1.649703891533946,1.649703891533946,1.9957515920979232,0.0,1.0
NGC6674,edge,3,2.57983337214784,2.57983337214784,2.857500745001403,0.0,1.0
NGC6789,core,1,1.9316707230473231,1.9316707230473231,1.9316707230473231,0.0,1.0
NGC6789,inner_disk,0,,,,,
NGC6789,mid_disk,1,1.500685303183722,1.500685303183722,1.500685303183722,0.0,1.0
NGC6789,outer_disk,1,3.0392102825219145,3.0392102825219145,3.0392102825219145,0.0,1.0
NGC6789,edge,1,5.104953061864493,5.104953061864493,5.104953061864493,0.0,1.0
NGC6946,core,11,-0.41572124687064016,0.41572124687064016,0.5741071598892309,1.0,0.0
NGC6946,inner_disk,12,-0.2688142631270345,0.2688142631270345,0.32430718501542993,1.0,0.0
NGC6946,mid_disk,11,-0.0956904025486352,0.1059676909912823,0.1620614858669879,0.8181818181818182,0.0
NGC6946,outer_disk,12,0.14658330529097377,0.14658330529097377,0.22615913760364548,0.0,0.0
NGC6946,edge,12,0.35891723195987085,0.35891723195987096,0.4769195179764665,0.0,0.0
NGC7331,core,8,-0.5620374317793368,0.5620374317793368,0.5927543646349394,1.0,0.0
NGC7331,inner_disk,7,-0.3609578925148223,0.36095789251482235,0.47676466256898575,1.0,0.0
NGC7331,mid_disk,7,-0.16079144000912285,0.16079144000912285,0.24445596656653906,1.0,0.0
NGC7331,outer_disk,7,0.1429022684895736,0.1429022684895736,0.305202605770361,0.0,0.0
NGC7331,edge,7,0.5103973777264912,0.5103973777264912,0.6720113035567931,0.0,0.0
NGC7793,core,23,-0.19854896684439283,0.20832852057297688,0.8883804913738513,0.8695652173913043,0.0
NGC7793,inner_disk,8,-0.07016672415470272,0.07720986868615214,0.14836577109656857,0.75,0.0
NGC7793,mid_disk,8,0.2981348697892609,0.29813486978926096,0.4994019830861529,0.0,0.0
NGC7793,outer_disk,3,0.5503378210826062,0.5503378210826062,0.586726721226376,0.0,0.0
NGC7793,edge,4,0.574862777804336,0.574862777804336,0.6433758448703287,0.0,0.0
NGC7814,core,3,-0.35163689736967974,0.35163689736967974,0.4184391224715168,1.0,0.0
NGC7814,inner_disk,4,-0.002799678462790278,0.12988941219739997,0.19556452591026668,0.5,0.0
NGC7814,mid_disk,3,0.4132699298236093,0.4132699298236093,0.5043401488317819,0.0,0.0
NGC7814,outer_disk,4,0.7932968925688039,0.7932968925688039,1.0080195731133492,0.0,0.25
NGC7814,edge,4,1.3750432834612183,1.3750432834612183,1.598541527997118,0.0,1.0
PGC51017,core,1,1.958640285662791,1.958640285662791,1.958640285662791,0.0,1.0
PGC51017,inner_disk,1,-0.22451717132156773,0.22451717132156773,0.22451717132156773,1.0,0.0
PGC51017,mid_disk,1,-0.33066418403796966,0.33066418403796966,0.33066418403796966,1.0,0.0
PGC51017,outer_disk,1,-0.28451645344943866,0.28451645344943866,0.28451645344943866,1.0,0.0
PGC51017,edge,2,-0.2167663253494242,0.2167663253494242,0.24658953481839496,1.0,0.0
UGC00128,core,4,1.9155743126152505,1.9155743126152505,3.1911217639448406,0.0,0.75
UGC00128,inner_disk,5,2.9366867374690946,2.9366867374690946,3.1797959746296303,0.0,1.0
UGC00128,mid_disk,4,3.1637988504547656,3.1637988504547656,3.330331111737127,0.0,1.0
UGC00128,outer_disk,4,3.9086786337659283,3.908678633765928,4.382345759407426,0.0,1.0
UGC00128,edge,5,5.689707770977594,5.689707770977593,6.359475578232442,0.0,1.0
UGC00191,core,5,0.9976322442512398,0.99763224425124,1.5322389626502841,0.0,0.6
UGC00191,inner_disk,1,2.033707234890095,2.033707234890095,2.033707234890095,0.0,1.0
UGC00191,mid_disk,1,1.5537650416497872,1.5537650416497872,1.5537650416497872,0.0,1.0
UGC00191,outer_disk,1,1.6611156251697161,1.6611156251697161,1.6611156251697161,0.0,1.0
UGC00191,edge,1,2.2592323296566565,2.2592323296566565,2.2592323296566565,0.0,1.0
UGC00634,core,0,,,,,
UGC00634,inner_disk,1,1.136946933722597,1.136946933722597,1.136946933722597,0.0,1.0
UGC00634,mid_disk,1,2.4845557826481555,2.4845557826481555,2.4845557826481555,0.0,1.0
UGC00634,outer_disk,1,3.386369837088706,3.386369837088706,3.386369837088706,0.0,1.0
UGC00634,edge,1,4.4632471967071075,4.4632471967071075,4.4632471967071075,0.0,1.0
UGC00731,core,2,12.245922350331188,12.245922350331188,13.179089985176171,0.0,1.0
UGC00731,inner_disk,2,9.207928799843453,9.207928799843453,10.983350796158586,0.0,1.0
UGC00731,mid_disk,3,6.1702635628536475,6.1702635628536475,6.856960076426707,0.0,1.0
UGC00731,outer_disk,2,3.284575018183532,3.284575018183532,3.5720491356772404,0.0,1.0
UGC00731,edge,3,2.7981386170425075,2.7981386170425075,2.902480740587652,0.0,1.0
UGC00891,core,0,,,,,
UGC00891,inner_disk,1,0.3519646865357729,0.3519646865357729,0.3519646865357729,0.0,0.0
UGC00891,mid_disk,1,1.620334409272595,1.620334409272595,1.620334409272595,0.0,1.0
UGC00891,outer_disk,1,2.3127666281035055,2.3127666281035055,2.3127666281035055,0.0,1.0
UGC00891,edge,2,4.083157996209187,4.083157996209187,4.683357263013311,0.0,1.0
UGC01230,core,5,1.6794399695139606,1.733096829721339,2.817470810111973,0.2,0.6
UGC01230,inner_disk,2,2.199829372421148,2.199829372421148,2.274920974373474,0.0,1.0
UGC01230,mid_disk,1,2.4284344185388385,2.4284344185388385,2.4284344185388385,0.0,1.0
UGC01230,outer_disk,1,2.034105325313057,2.034105325313057,2.034105325313057,0.0,1.0
UGC01230,edge,2,2.825429203303617,2.825429203303617,3.1728417894313,0.0,1.0
UGC01281,core,6,0.28462235074465275,0.791516743052236,1.0387940939413172,0.3333333333333333,0.16666666666666666
UGC01281,inner_disk,7,1.4718631304071634,1.4718631304071634,1.9331826298114079,0.0,0.7142857142857143
UGC01281,mid_disk,6,2.442569127387151,2.442569127387151,2.767126897133221,0.0,1.0
UGC01281,outer_disk,3,3.219790671731492,3.219790671731492,3.3130950556246677,0.0,1.0
UGC01281,edge,3,3.4424262078778742,3.442426207877874,3.5939967337725522,0.0,1.0
UGC02023,core,0,,,,,
UGC02023,inner_disk,2,-0.2472031323374959,0.2472031323374959,0.2605214586936647,1.0,0.0
UGC02023,mid_disk,0,,,,,
UGC02023,outer_disk,1,-0.0050950035186486855,0.0050950035186486855,0.0050950035186486855,1.0,0.0
UGC02023,edge,2,0.7353121031889809,0.7353121031889809,1.0155617475360605,0.0,0.5
UGC02259,core,1,4.071409936754215,4.071409936754215,4.071409936754215,0.0,1.0
UGC02259,inner_disk,2,2.6251802537861373,2.6251802537861373,2.7061548206603496,0.0,1.0
UGC02259,mid_disk,1,2.1956758550706663,2.1956758550706663,2.1956758550706663,0.0,1.0
UGC02259,outer_disk,2,2.5385607567687583,2.5385607567687583,2.6186698902641776,0.0,1.0
UGC02259,edge,2,3.203291841899063,3.203291841899063,3.535834859324442,0.0,1.0
UGC02455,core,1,-0.8317697281521087,0.8317697281521087,0.8317697281521087,1.0,0.0
UGC02455,inner_disk,2,-0.8680403971175761,0.8680403971175761,0.871815712762359,1.0,0.0
UGC02455,mid_disk,1,-0.820218142254467,0.820218142254467,0.820218142254467,1.0,0.0
UGC02455,outer_disk,2,-0.712197855029666,0.712197855029666,0.7458874273374605,1.0,0.0
UGC02455,edge,2,-0.38520835497750117,0.38520835497750117,0.49389342836337835,1.0,0.0
UGC02487,core,4,0.2980744451507043,0.29807444515070425,0.3050679130606838,0.0,0.0
UGC02487,inner_disk,3,0.6013594906308196,0.6013594906308196,0.8206776390914386,0.0,0.0
UGC02487,mid_disk,3,1.1620344977602493,1.162034497760249,1.2549063461959356,0.0,1.0
UGC02487,outer_disk,3,1.5354632362080392,1.5354632362080392,1.7089843016598554,0.0,1.0
UGC02487,edge,4,2.359132491620329,2.359132491620329,2.791412265390489,0.0,1.0
UGC02885,core,4,-0.048325160970647894,0.13566321920889138,0.176572300896609,0.75,0.0
UGC02885,inner_disk,3,0.2167465380268813,0.2167465380268813,0.25936726441217434,0.0,0.0
UGC02885,mid_disk,4,0.48007540929445114,0.48007540929445114,0.6266992593453602,0.0,0.0
UGC02885,outer_disk,4,1.017507327451626,1.0175073274516262,1.1606905072844567,0.0,0.5
UGC02885,edge,4,1.4703690084769114,1.4703690084769114,1.637164899369638,0.0,1.0
UGC02916,core,22,-0.2415281750137053,0.3514411726411306,1.173651653970156,0.9090909090909091,0.045454545454545456
UGC02916,inner_disk,13,0.04474429695170656,0.06864461346045306,0.1426833433191397,0.23076923076923078,0.0
UGC02916,mid_disk,3,0.36108981224729586,0.36108981224729586,0.46850333244149356,0.0,0.0
UGC02916,outer_disk,2,0.4814989356871733,0.4814989356871733,0.5136864335190939,0.0,0.0
UGC02916,edge,3,0.5175943856219605,0.5175943856219605,0.6096774786801265,0.0,0.0
UGC02953,core,76,-0.1157531751763947,0.3395844009139021,7.0513854656807835,0.9473684210526315,0.02631578947368421
UGC02953,inner_disk,10,0.24497905832675304,0.25144798052571854,0.5485594091293338,0.2,0.0
UGC02953,mid_disk,11,0.8555070888941294,0.8555070888941295,1.1392862854013803,0.0,0.2727272727272727
UGC02953,outer_disk,10,1.4798754855050444,1.4798754855050444,1.7189824754218723,0.0,1.0
UGC02953,edge,8,2.244034594642475,2.244034594642475,2.8713842876417175,0.0,1.0
UGC03205,core,23,0.04949375805235282,0.15399505903162175,0.35070426041749286,0.34782608695652173,0.0
UGC03205,inner_disk,12,0.08898647342057675,0.15829935837233722,0.33795032163417915,0.5,0.0
UGC03205,mid_disk,7,0.4475504715698523,0.4475504715698523,0.6516965967877743,0.0,0.0
UGC03205,outer_disk,4,1.03125246208528,1.03125246208528,1.2862973200566215,0.0,0.5
UGC03205,edge,2,2.1655293200287384,2.1655293200287384,2.3513870615520176,0.0,1.0
UGC03546,core,16,-0.48429285327842664,0.48429285327842664,0.5665952392967099,1.0,0.0
UGC03546,inner_disk,4,-0.13598805776262624,0.14232292675209252,0.30475332964945034,0.75,0.0
UGC03546,mid_disk,4,0.17935743956586708,0.17935743956586708,0.26282002787210396,0.0,0.0
UGC03546,outer_disk,4,0.49753994150735237,0.4975399415073523,0.6921004440760592,0.0,0.0
UGC03546,edge,2,1.1032144676283118,1.1032144676283118,1.308715092359822,0.0,0.5
UGC03580,core,30,-0.473682306198191,0.5094415285664584,0.6963132871069702,0.9666666666666667,0.0
UGC03580,inner_disk,8,0.5058101658906512,0.5087965186650195,0.8007808647509347,0.125,0.0
UGC03580,mid_disk,3,1.1886802511135217,1.1886802511135217,1.4806909989363528,0.0,0.6666666666666666
UGC03580,outer_disk,4,2.345860680969052,2.345860680969052,2.8804065967861847,0.0,1.0
UGC03580,edge,2,3.3809789006396738,3.3809789006396738,3.5515770107233804,0.0,1.0
UGC04278,core,5,0.6675213790661554,0.6675213790661555,0.8434727182983094,0.0,0.0
UGC04278,inner_disk,5,0.7875908766251604,0.7875908766251604,1.0579081595539934,0.0,0.2
UGC04278,mid_disk,5,1.6336260379856085,1.6336260379856085,2.339594563157831,0.0,1.0
UGC04278,outer_disk,4,3.2622851485918116,3.262285148591811,3.7954324704577003,0.0,1.0
UGC04278,edge,6,2.605511494288851,2.605511494288851,3.471644248135086,0.0,1.0
UGC04305,core,4,-0.37136917349154963,0.3713691734915497,0.7645750993929823,1.0,0.0
UGC04305,inner_disk,4,0.2084733434529324,0.23764667325631567,0.4370431547791191,0.25,0.0
UGC04305,mid_disk,5,-0.08253362002966134,0.21577132426595216,0.28436847907525714,0.6,0.0
UGC04305,outer_disk,4,-0.34977064336971875,0.3497706433697187,0.43206443552780127,1.0,0.0
UGC04305,edge,5,-0.21765353523139366,0.21765353523139366,0.25590865920069983,1.0,0.0
UGC04325,core,1,2.8075324268300803,2.8075324268300803,2.8075324268300803,0.0,1.0
UGC04325,inner_disk,2,3.051681985240338,3.051681985240338,3.3551994392496995,0.0,1.0
UGC04325,mid_disk,1,2.034443642264184,2.034443642264184,2.034443642264184,0.0,1.0
UGC04325,outer_disk,2,1.6463953648436853,1.6463953648436853,1.665480929788579,0.0,1.0
UGC04325,edge,2,1.8240652803900952,1.8240652803900952,1.8641844430439445,0.0,1.0
UGC04483,core,2,0.3346187565327786,0.3346187565327786,0.49648117370622946,0.0,0.0
UGC04483,inner_disk,1,0.9690014993332281,0.9690014993332281,0.9690014993332281,0.0,0.0
UGC04483,mid_disk,1,1.3761714991234353,1.3761714991234353,1.3761714991234353,0.0,1.0
UGC04483,outer_disk,2,1.413830388197037,1.413830388197037,1.6242911446375208,0.0,1.0
UGC04483,edge,2,1.8800322301938142,1.8800322301938142,1.9018618424997031,0.0,1.0
UGC04499,core,1,-0.26445562317147586,0.26445562317147586,0.26445562317147586,1.0,0.0
UGC04499,inner_disk,2,0.8218501697722308,0.8218501697722308,1.0666611114680289,0.0,0.5
UGC04499,mid_disk,2,1.0807818131225218,1.0807818131225218,1.2033684444138344,0.0,0.5
UGC04499,outer_disk,2,1.5386087398414312,1.5386087398414312,1.6559210536206557,0.0,1.0
UGC04499,edge,2,1.5677886952040159,1.5677886952040159,1.5809138167242585,0.0,1.0
UGC05005,core,4,0.21224831465285923,0.3056640671092855,0.5383886206246733,0.25,0.0
UGC05005,inner_disk,3,1.2321466935216148,1.2321466935216148,1.559117318352445,0.0,0.6666666666666666
UGC05005,mid_disk,0,,,,,
UGC05005,outer_disk,3,3.229864184570791,3.229864184570791,3.4420039087857592,0.0,1.0
UGC05005,edge,1,3.485959647598921,3.485959647598921,3.485959647598921,0.0,1.0
UGC05253,core,56,-0.20112515217085866,0.25443847666517333,1.3846704219466166,0.9642857142857143,0.017857142857142856
UGC05253,inner_disk,6,0.32585420240856705,0.3258542024085671,0.5798263806470557,0.0,0.0
UGC05253,mid_disk,4,0.8257941509740373,0.8257941509740373,1.009838288786363,0.0,0.25
UGC05253,outer_disk,3,1.0561682025331594,1.0561682025331594,1.0750284333064408,0.0,1.0
UGC05253,edge,4,1.4808400726092543,1.480840072609254,1.8199836464209043,0.0,1.0
UGC05414,core,1,0.1462344187807338,0.1462344187807338,0.1462344187807338,0.0,0.0
UGC05414,inner_disk,1,0.22979620880977283,0.22979620880977283,0.22979620880977283,0.0,0.0
UGC05414,mid_disk,1,0.6020678486333589,0.6020678486333589,0.6020678486333589,0.0,0.0
UGC05414,outer_disk,1,0.7613990993051402,0.7613990993051402,0.7613990993051402,0.0,0.0
UGC05414,edge,2,1.0853383398787124,1.0853383398787124,1.1884693839462985,0.0,0.5
UGC05716,core,2,2.0673197809872517,2.0673197809872517,2.1767711322026844,0.0,1.0
UGC05716,inner_disk,2,2.840197909644131,2.840197909644131,3.1056382697498077,0.0,1.0
UGC05716,mid_disk,3,3.789658067587057,3.789658067587057,3.9822240984704713,0.0,1.0
UGC05716,outer_disk,2,3.805812496258156,3.805812496258156,3.8965979192687894,0.0,1.0
UGC05716,edge,3,4.093830947112431,4.093830947112431,4.649757727513745,0.0,1.0
UGC05721,core,7,0.5407349444893705,0.546714738051994,1.1643370473620223,0.14285714285714285,0.14285714285714285
UGC05721,inner_disk,7,2.8660467995030814,2.8660467995030814,4.1392328659726365,0.0,1.0
UGC05721,mid_disk,3,4.626904717421369,4.626904717421369,4.988735742790027,0.0,1.0
UGC05721,outer_disk,3,4.998359690431351,4.998359690431352,5.108860647678779,0.0,1.0
UGC05721,edge,3,5.384720111305895,5.384720111305896,5.661515439032366,0.0,1.0
UGC05750,core,5,0.46565172301781244,0.7159845541178882,1.566564321466988,0.4,0.2
UGC05750,inner_disk,3,1.6119549551882768,1.6119549551882768,1.786804468928473,0.0,1.0
UGC05750,mid_disk,2,1.636940161155878,1.636940161155878,1.8833498678475817,0.0,1.0
UGC05750,outer_disk,0,,,,,
UGC05750,edge,1,2.00520614487685,2.00520614487685,2.00520614487685,0.0,1.0
UGC05764,core,1,11.64038692945488,11.64038692945488,11.64038692945488,0.0,1.0
UGC05764,inner_disk,2,6.438662614891594,6.438662614891594,6.931676531334613,0.0,1.0
UGC05764,mid_disk,3,5.946936216309502,5.946936216309502,7.049074539214975,0.0,1.0
UGC05764,outer_disk,1,4.8600461442592495,4.8600461442592495,4.8600461442592495,0.0,1.0
UGC05764,edge,3,3.9600671289033174,3.9600671289033174,4.328899004939931,0.0,1.0
UGC05829,core,2,2.8011767273776695,2.8011767273776695,3.0096490852500253,0.0,1.0
UGC05829,inner_disk,2,2.996124382654669,2.996124382654669,3.0498156594629706,0.0,1.0
UGC05829,mid_disk,2,2.2304531125985347,2.2304531125985347,2.396708872730037,0.0,1.0
UGC05829,outer_disk,2,1.971672772120752,1.971672772120752,2.030188148606463,0.0,1.0
UGC05829,edge,3,1.773203112640718,1.773203112640718,1.9300072839877966,0.0,1.0
UGC05918,core,1,3.716149273447819,3.716149273447819,3.716149273447819,0.0,1.0
UGC05918,inner_disk,2,4.511178049350885,4.511178049350885,4.5553850479577385,0.0,1.0
UGC05918,mid_disk,1,2.888339939797876,2.888339939797876,2.888339939797876,0.0,1.0
UGC05918,outer_disk,2,2.9278482548140063,2.9278482548140063,2.999049146811874,0.0,1.0
UGC05918,edge,2,2.693263067336508,2.693263067336508,2.72088120388005,0.0,1.0
UGC05986,core,3,0.249496442488619,0.3677656035463026,0.6092166301033641,0.3333333333333333,0.0
UGC05986,inner_disk,2,0.7139949357492754,0.7139949357492754,0.8048659195843818,0.0,0.0
UGC05986,mid_disk,3,1.239017657998921,1.239017657998921,1.3243028703901412,0.0,1.0
UGC05986,outer_disk,3,1.8195474127050009,1.8195474127050009,2.0688655854890823,0.0,1.0
UGC05986,edge,4,2.607052652119325,2.6070526521193247,2.7297917943638743,0.0,1.0
UGC05999,core,0,,,,,
UGC05999,inner_disk,1,0.2732501445234718,0.2732501445234718,0.2732501445234718,0.0,0.0
UGC05999,mid_disk,1,2.064645459984775,2.064645459984775,2.064645459984775,0.0,1.0
UGC05999,outer_disk,1,2.249314142675903,2.249314142675903,2.249314142675903,0.0,1.0
UGC05999,edge,2,2.383837097091842,2.383837097091842,2.761559004358783,0.0,1.0
UGC06399,core,1,0.45495492298702916,0.45495492298702916,0.45495492298702916,0.0,0.0
UGC06399,inner_disk,2,1.2273432226895673,1.2273432226895673,1.5080476449910547,0.0,0.5
UGC06399,mid_disk,2,1.554455914635557,1.554455914635557,1.6879523703566728,0.0,1.0
UGC06399,outer_disk,2,1.885821122466261,1.885821122466261,1.8886810935787504,0.0,1.0
UGC06399,edge,2,2.1513863807746287,2.1513863807746287,2.3094753838749247,0.0,1.0
UGC06446,core,3,2.1285905342896894,2.12859053428969,2.7830233381068554,0.0,1.0
UGC06446,inner_disk,4,2.9110917158625713,2.911091715862571,3.283604357223151,0.0,1.0
UGC06446,mid_disk,3,3.4847145963462425,3.4847145963462425,3.5576959813017606,0.0,1.0
UGC06446,outer_disk,3,2.9747412634741313,2.9747412634741313,3.1385444288259063,0.0,1.0
UGC06446,edge,4,3.277615129221491,3.277615129221491,3.5110418004328547,0.0,1.0
UGC06614,core,5,-0.23192514374521278,0.23192514374521278,0.40445497365181643,1.0,0.0
UGC06614,inner_disk,3,0.0654832911448946,0.28756894998771737,0.5295783616989179,0.6666666666666666,0.0
UGC06614,mid_disk,3,1.0887264845331712,1.0887264845331712,1.3884511677956894,0.0,0.6666666666666666
UGC06614,outer_disk,1,1.8623914618959607,1.8623914618959607,1.8623914618959607,0.0,1.0
UGC06614,edge,1,2.4123214354971134,2.4123214354971134,2.4123214354971134,0.0,1.0
UGC06628,core,1,-0.15286530920164523,0.15286530920164523,0.15286530920164523,1.0,0.0
UGC06628,inner_disk,1,0.03783109974448098,0.03783109974448098,0.03783109974448098,0.0,0.0
UGC06628,mid_disk,2,-0.18385478475702602,0.18385478475702602,0.2527310722587114,1.0,0.0
UGC06628,outer_disk,1,-0.29411160413156706,0.29411160413156706,0.29411160413156706,1.0,0.0
UGC06628,edge,2,-0.4128606056899302,0.4128606056899302,0.43554802920680685,1.0,0.0
UGC06667,core,1,13.775802733135087,13.775802733135087,13.775802733135087,0.0,1.0
UGC06667,inner_disk,2,13.302285595424147,13.302285595424147,16.008098460226968,0.0,1.0
UGC06667,mid_disk,2,7.863136675584309,7.863136675584309,7.901874355875524,0.0,1.0
UGC06667,outer_disk,2,6.105892834887106,6.105892834887106,6.211991913697381,0.0,1.0
UGC06667,edge,2,5.208736473965182,5.208736473965182,5.254400525389094,0.0,1.0
UGC06786,core,27,0.06399096614866992,0.1576387608030466,0.784659449401607,0.2222222222222222,0.0
UGC06786,inner_disk,8,0.5927184031174911,0.5927184031174911,0.9238626080861184,0.0,0.0
UGC06786,mid_disk,3,1.3762972785612881,1.3762972785612881,1.6357421528938616,0.0,1.0
UGC06786,outer_disk,3,2.2235684378677836,2.2235684378677836,2.4694675721154646,0.0,1.0
UGC06786,edge,4,2.9828893900660995,2.9828893900660995,3.271663513367133,0.0,1.0
UGC06787,core,42,-0.17801757287842648,0.2157854294858674,0.49729160686946683,0.8095238095238095,0.0
UGC06787,inner_disk,11,0.5017141393272287,0.5017141393272287,0.7043605120434349,0.0,0.0
UGC06787,mid_disk,7,1.180397270866214,1.1803972708662143,1.7444969928076697,0.0,0.5714285714285714
UGC06787,outer_disk,7,2.288978513810722,2.2889785138107217,2.6611917531560514,0.0,1.0
UGC06787,edge,4,3.339443823890572,3.339443823890572,3.9958667797746794,0.0,1.0
UGC06818,core,1,-0.2821243643891418,0.2821243643891418,0.2821243643891418,1.0,0.0
UGC06818,inner_disk,2,-0.34959124722565665,0.34959124722565665,0.48278249559161135,1.0,0.0
UGC06818,mid_disk,1,0.24006502000405008,0.24006502000405008,0.24006502000405008,0.0,0.0
UGC06818,outer_disk,2,1.4917977777610578,1.4917977777610578,1.752759172126185,0.0,1.0
UGC06818,edge,2,2.007438060026562,2.007438060026562,2.3653888829374385,0.0,1.0
UGC06917,core,1,0.1076393086419754,0.1076393086419754,0.1076393086419754,0.0,0.0
UGC06917,inner_disk,2,0.6531706589635937,0.6531706589635937,0.8544570236061515,0.0,0.0
UGC06917,mid_disk,3,1.120262145904097,1.1202621459040967,1.1873614648287263,0.0,1.0
UGC06917,outer_disk,2,1.1992501817578676,1.1992501817578676,1.2464074579118338,0.0,1.0
UGC06917,edge,3,1.4571144080642267,1.4571144080642267,1.5445399639979143,0.0,1.0
UGC06923,core,1,-0.3810744509797381,0.3810744509797381,0.3810744509797381,1.0,0.0
UGC06923,inner_disk,1,-0.12349677363024415,0.12349677363024415,0.12349677363024415,1.0,0.0
UGC06923,mid_disk,1,0.4692723969540046,0.4692723969540046,0.4692723969540046,0.0,0.0
UGC06923,outer_disk,1,0.6430819720020391,0.6430819720020391,0.6430819720020391,0.0,0.0
UGC06923,edge,2,0.7548958757628643,0.7548958757628643,0.806227746924622,0.0,0.0
UGC06930,core,1,0.08061991045859819,0.08061991045859819,0.08061991045859819,0.0,0.0
UGC06930,inner_disk,2,1.0429421715000557,1.0429421715000557,1.0720115407013924,0.0,1.0
UGC06930,mid_disk,2,0.9780014018836141,0.9780014018836141,0.9835867329620828,0.0,0.0
UGC06930,outer_disk,2,1.0445762881747287,1.0445762881747287,1.0803220739891823,0.0,1.0
UGC06930,edge,3,1.4813452262110307,1.4813452262110307,1.730790676279,0.0,1.0
UGC06973,core,0,,,,,
UGC06973,inner_disk,2,-0.7233629564260196,0.7233629564260196,0.7736016946976989,1.0,0.0
UGC06973,mid_disk,2,-0.5502673836114534,0.5502673836114534,0.6019327150146389,1.0,0.0
UGC06973,outer_disk,2,-0.32513759805453635,0.32513759805453635,0.3916813387319393,1.0,0.0
UGC06973,edge,3,-0.07649645805939236,0.08520082968849285,0.1625483741986952,0.6666666666666666,0.0
UGC06983,core,2,0.446239563896662,0.4680212602426975,0.9142608241393595,0.5,0.0
UGC06983,inner_disk,4,1.5541628788761548,1.5541628788761548,1.8070047519844556,0.0,1.0
UGC06983,mid_disk,3,1.9033008794381752,1.9033008794381752,2.021064073987268,0.0,1.0
UGC06983,outer_disk,4,2.1496075931452956,2.149607593145296,2.263554588311368,0.0,1.0
UGC06983,edge,4,2.406670379642719,2.406670379642719,2.705392220491451,0.0,1.0
UGC07089,core,2,0.13456154658975678,0.13456154658975678,0.1414352469649395,0.0,0.0
UGC07089,inner_disk,2,0.036565612214472104,0.06526156294155785,0.10182717515602996,0.5,0.0
UGC07089,mid_disk,2,0.3705573777668604,0.3705573777668604,0.4299998202295759,0.0,0.0
UGC07089,outer_disk,3,0.6908570091513472,0.6908570091513472,0.8095876006318998,0.0,0.0
UGC07089,edge,3,1.0870508060804918,1.0870508060804918,1.2610535521337374,0.0,0.6666666666666666
UGC07125,core,2,-0.034661736760945874,0.15753259385938445,0.1921943306203303,0.5,0.0
UGC07125,inner_disk,3,0.5382100522270484,0.5382100522270484,0.8396702316388513,0.0,0.0
UGC07125,mid_disk,2,0.8887130363419509,0.8887130363419509,0.9196369841989097,0.0,0.0
UGC07125,outer_disk,3,0.8106281208703675,0.8106281208703675,0.9999329068123548,0.0,0.0
UGC07125,edge,3,0.9930530649607197,0.9930530649607195,1.2508300450469545,0.0,0.3333333333333333
UGC07151,core,2,0.041590595498436564,0.0890271614815576,0.13061775697999417,0.5,0.0
UGC07151,inner_disk,2,0.6370306611719843,0.6370306611719843,0.6506321865697721,0.0,0.0
UGC07151,mid_disk,2,0.6643785820336132,0.6643785820336132,0.6780594316431312,0.0,0.0
UGC07151,outer_disk,2,0.8409336760576551,0.8409336760576551,0.8619447154757405,0.0,0.0
UGC07151,edge,3,0.8548918743792188,0.8548918743792188,0.8793770858177792,0.0,0.0
UGC07232,core,0,,,,,
UGC07232,inner_disk,1,0.060704175694509456,0.060704175694509456,0.060704175694509456,0.0,0.0
UGC07232,mid_disk,1,0.013634090261041055,0.013634090261041055,0.013634090261041055,0.0,0.0
UGC07232,outer_disk,1,0.6250299519156178,0.6250299519156178,0.6250299519156178,0.0,0.0
UGC07232,edge,1,1.5691286022706266,1.5691286022706266,1.5691286022706266,0.0,1.0
UGC07261,core,1,1.7922232228363029,1.7922232228363029,1.7922232228363029,0.0,1.0
UGC07261,inner_disk,1,0.5105303259228923,0.5105303259228923,0.5105303259228923,0.0,0.0
UGC07261,mid_disk,2,0.7727411516651472,0.7727411516651472,0.8615930529056183,0.0,0.0
UGC07261,outer_disk,1,1.3628048011658855,1.3628048011658855,1.3628048011658855,0.0,1.0
UGC07261,edge,2,1.6974938667417283,1.6974938667417283,1.7330786516684247,0.0,1.0
UGC07323,core,1,0.17948776189301138,0.17948776189301138,0.17948776189301138,0.0,0.0
UGC07323,inner_disk,2,-0.013438061105857909,0.013438061105857909,0.013721434973919882,1.0,0.0
UGC07323,mid_disk,2,0.13872354347880367,0.13872354347880367,0.1726997028034065,0.0,0.0
UGC07323,outer_disk,3,0.44190159598588713,0.44190159598588713,0.49867462633372717,0.0,0.0
UGC07323,edge,2,0.5608682845223405,0.5608682845223405,0.6175204420190016,0.0,0.0
UGC07399,core,2,1.6479596171040911,1.6479596171040911,2.1150111601916937,0.0,1.0
UGC07399,inner_disk,2,3.6130387476747545,3.6130387476747545,3.8153988239203245,0.0,1.0
UGC07399,mid_disk,1,3.927266062253707,3.927266062253707,3.927266062253707,0.0,1.0
UGC07399,outer_disk,2,4.64540450516092,4.64540450516092,4.841783013604268,0.0,1.0
UGC07399,edge,3,5.527310452746247,5.527310452746247,5.9490786409838545,0.0,1.0
UGC07524,core,6,1.089292332885025,1.1335108878186453,1.734954108896446,0.16666666666666666,0.6666666666666666
UGC07524,inner_disk,6,1.9007003858823859,1.9007003858823859,2.172971717328144,0.0,1.0
UGC07524,mid_disk,6,2.161437772659111,2.161437772659111,2.266974575635609,0.0,1.0
UGC07524,outer_disk,6,2.034757228812774,2.0347572288127735,2.263952261707627,0.0,1.0
UGC07524,edge,7,1.5796998895109928,1.5796998895109926,1.6586749266838845,0.0,1.0
UGC07559,core,1,-0.12247439338363698,0.12247439338363698,0.12247439338363698,1.0,0.0
UGC07559,inner_disk,1,-0.01606651563158604,0.01606651563158604,0.01606651563158604,1.0,0.0
UGC07559,mid_disk,2,0.5530733145183842,0.5530733145183842,0.741240884308358,0.0,0.0
UGC07559,outer_disk,1,1.0988340524635942,1.0988340524635942,1.0988340524635942,0.0,1.0
UGC07559,edge,2,1.0828955795132074,1.0828955795132074,1.1450758908116203,0.0,1.0
UGC07577,core,1,-0.0700352370188151,0.0700352370188151,0.0700352370188151,1.0,0.0
UGC07577,inner_disk,2,-0.3015717089963962,0.3015717089963962,0.3061328104710954,1.0,0.0
UGC07577,mid_disk,2,-0.3657864158223264,0.3657864158223264,0.40387756437871153,1.0,0.0
UGC07577,outer_disk,2,-0.1886396297054848,0.1886396297054848,0.22543140035413733,1.0,0.0
UGC07577,edge,2,0.22894453437130258,0.22894453437130258,0.41401419994439287,0.0,0.0
UGC07603,core,2,0.11359129902961207,0.171276672499295,0.2848679715289071,0.5,0.0
UGC07603,inner_disk,2,1.0140727811948138,1.0140727811948138,1.3268881837510618,0.0,0.5
UGC07603,mid_disk,3,2.032766408252811,2.032766408252811,2.3806571456253445,0.0,1.0
UGC07603,outer_disk,2,3.154361269507908,3.154361269507908,3.470856188020765,0.0,1.0
UGC07603,edge,3,4.1543460793386915,4.1543460793386915,4.6071974731471235,0.0,1.0
UGC07608,core,1,0.8617244270542204,0.8617244270542204,0.8617244270542204,0.0,0.0
UGC07608,inner_disk,2,4.556770142136225,4.556770142136225,5.43131574984058,0.0,1.0
UGC07608,mid_disk,1,4.742869133255981,4.742869133255981,4.742869133255981,0.0,1.0
UGC07608,outer_disk,2,5.16802338208527,5.16802338208527,5.285066290647888,0.0,1.0
UGC07608,edge,2,4.860206292136649,4.860206292136649,5.044797276566264,0.0,1.0
UGC07690,core,1,-0.028345866427469762,0.028345866427469762,0.028345866427469762,1.0,0.0
UGC07690,inner_disk,1,0.4165984982480878,0.4165984982480878,0.4165984982480878,0.0,0.0
UGC07690,mid_disk,2,0.613156011646031,0.613156011646031,0.6194667259974005,0.0,0.0
UGC07690,outer_disk,1,0.7696416359687401,0.7696416359687401,0.7696416359687401,0.0,0.0
UGC07690,edge,2,1.0283684421650214,1.0283684421650214,1.1224613055173691,0.0,0.5
UGC07866,core,1,0.592101533376477,0.592101533376477,0.592101533376477,0.0,0.0
UGC07866,inner_disk,1,1.0169130020042656,1.0169130020042656,1.0169130020042656,0.0,1.0
UGC07866,mid_disk,2,0.7590027696701103,0.7590027696701103,0.760209545086861,0.0,0.0
UGC07866,outer_disk,1,0.9097684594260661,0.9097684594260661,0.9097684594260661,0.0,0.0
UGC07866,edge,2,1.1941415270887528,1.1941415270887528,1.3165054155960116,0.0,1.0
UGC08286,core,3,1.9912312363337303,1.9912312363337303,3.02225534602224,0.0,0.6666666666666666
UGC08286,inner_disk,3,2.4494467312398958,2.4494467312398958,2.799047681414416,0.0,1.0
UGC08286,mid_disk,4,2.268965786162569,2.268965786162569,2.3876857740763766,0.0,1.0
UGC08286,outer_disk,3,3.0770349993980184,3.0770349993980184,3.498754602733002,0.0,1.0
UGC08286,edge,4,3.7336377357629864,3.7336377357629864,3.9191994482237686,0.0,1.0
UGC08490,core,6,1.011036934378421,1.011036934378421,1.5052461318862578,0.0,0.5
UGC08490,inner_disk,6,2.036150212413522,2.036150212413522,2.3012782727318664,0.0,1.0
UGC08490,mid_disk,6,3.2428887356462206,3.2428887356462206,3.8888430010256183,0.0,1.0
UGC08490,outer_disk,6,4.411011278971416,4.411011278971416,4.831846286732604,0.0,1.0
UGC08490,edge,6,5.0258425743020325,5.0258425743020325,5.357096859329638,0.0,1.0
UGC08550,core,2,1.272235683938165,1.272235683938165,1.4753323283541186,0.0,1.0
UGC08550,inner_disk,2,1.5165307105665815,1.5165307105665815,1.5820815504436274,0.0,1.0
UGC08550,mid_disk,2,2.732085553832836,2.732085553832836,3.193628663140686,0.0,1.0
UGC08550,outer_disk,2,4.057249746019319,4.057249746019319,4.300124681705517,0.0,1.0
UGC08550,edge,3,3.7739326427021282,3.7739326427021282,4.224590750764762,0.0,1.0
UGC08699,core,14,-0.2631277553441594,0.2631277553441594,0.5224125695204516,1.0,0.0
UGC08699,inner_disk,19,0.24922726207540388,0.24922726207540388,0.34946486556508227,0.0,0.0
UGC08699,mid_disk,3,0.6283830219576813,0.6283830219576813,0.7959242248873142,0.0,0.0
UGC08699,outer_disk,2,1.216720419279441,1.216720419279441,1.3683951353251638,0.0,1.0
UGC08699,edge,3,1.9409635232096323,1.9409635232096323,2.31080684963021,0.0,1.0
UGC08837,core,1,-0.6146944514547356,0.6146944514547356,0.6146944514547356,1.0,0.0
UGC08837,inner_disk,2,-0.12927225801974387,0.15162752809888266,0.28089978611862654,0.5,0.0
UGC08837,mid_disk,1,0.08738881810484972,0.08738881810484972,0.08738881810484972,0.0,0.0
UGC08837,outer_disk,2,0.5245531866515691,0.5245531866515691,0.7319167147572512,0.0,0.0
UGC08837,edge,2,0.928067001341494,0.928067001341494,0.9314946465574377,0.0,0.0
UGC09037,core,3,-0.6481643815444634,0.6481643815444634,0.7937612242592675,1.0,0.0
UGC09037,inner_disk,5,-0.336282361291991,0.336282361291991,0.40700728187421764,1.0,0.0
UGC09037,mid_disk,4,-0.07691929972354503,0.09945694824604737,0.17931670034488867,0.75,0.0
UGC09037,outer_disk,5,0.29318619692097403,0.2931861969209741,0.35892244921729444,0.0,0.0
UGC09037,edge,5,0.45012072095991407,0.45012072095991407,0.5404021707109502,0.0,0.0
UGC09133,core,39,-0.16262204900432012,0.24186915774562479,1.1927749723054635,0.8461538461538461,0.02564102564102564
UGC09133,inner_disk,8,0.451794874004489,0.4517948740044889,0.6599757429729239,0.0,0.0
UGC09133,mid_disk,8,1.2141721251938582,1.2141721251938582,1.5902829344874898,0.0,0.625
UGC09133,outer_disk,8,1.7149893395615847,1.7149893395615847,1.8709818705928838,0.0,1.0
UGC09133,edge,5,2.236719875313883,2.236719875313883,2.742755846492097,0.0,1.0
UGC09992,core,0,,,,,
UGC09992,inner_disk,2,0.6143287518579056,0.6143287518579056,0.741806488102881,0.0,0.0
UGC09992,mid_disk,0,,,,,
UGC09992,outer_disk,1,0.4786279201883083,0.4786279201883083,0.4786279201883083,0.0,0.0
UGC09992,edge,2,0.42493575412232487,0.42493575412232487,0.4813429781983236,0.0,0.0
UGC10310,core,1,1.3717301403857511,1.3717301403857511,1.3717301403857511,0.0,1.0
UGC10310,inner_disk,1,1.2835883765232141,1.2835883765232141,1.2835883765232141,0.0,1.0
UGC10310,mid_disk,2,1.5558089410966085,1.5558089410966085,1.5840890387858346,0.0,1.0
UGC10310,outer_disk,1,1.23973961541589,1.23973961541589,1.23973961541589,0.0,1.0
UGC10310,edge,2,1.3075310739566466,1.3075310739566466,1.4228847903866704,0.0,1.0
UGC11455,core,13,-0.39520820943886836,0.39520820943886836,0.7570053870995048,1.0,0.0
UGC11455,inner_disk,10,-0.26658345916636184,0.2665834591663618,0.31914523090383345,1.0,0.0
UGC11455,mid_disk,5,-0.12081617234142908,0.12081617234142909,0.15477450029811424,1.0,0.0
UGC11455,outer_disk,4,0.061496363499939165,0.10012965304089573,0.15879187306765824,0.25,0.0
UGC11455,edge,4,0.49376325737749294,0.4937632573774929,0.585470958887037,0.0,0.0
UGC11557,core,3,-0.8428585140173865,0.8428585140173865,0.9669617873838214,1.0,0.0
UGC11557,inner_disk,3,-0.55311926912273,0.55311926912273,0.6062896479102503,1.0,0.0
UGC11557,mid_disk,3,-0.2993086944023244,0.2993086944023244,0.38207878974348913,1.0,0.0
UGC11557,outer_disk,1,-0.34698730997453975,0.34698730997453975,0.34698730997453975,1.0,0.0
UGC11557,edge,2,-0.13963305418916377,0.13963305418916377,0.24821963111011097,1.0,0.0
UGC11820,core,5,1.6596299481618402,1.6596299481618406,2.4930970398731573,0.0,0.6
UGC11820,inner_disk,1,2.5419199870193796,2.5419199870193796,2.5419199870193796,0.0,1.0
UGC11820,mid_disk,1,2.404324112741925,2.404324112741925,2.404324112741925,0.0,1.0
UGC11820,outer_disk,1,2.4178778608329243,2.4178778608329243,2.4178778608329243,0.0,1.0
UGC11820,edge,2,3.3582096882128383,3.3582096882128383,3.6288845461785897,0.0,1.0
UGC12506,core,6,2.888917237969633,2.888917237969633,9.085230726189465,0.0,0.8333333333333334
UGC12506,inner_disk,6,0.8195787405082949,0.8195787405082949,0.8818657721942736,0.0,0.0
UGC12506,mid_disk,6,1.1434145311914088,1.143414531191409,1.3603588091062622,0.0,0.8333333333333334
UGC12506,outer_disk,6,1.518107971506132,1.518107971506132,1.656534127167197,0.0,1.0
UGC12506,edge,7,1.5553447436687016,1.5553447436687016,1.6332681321542193,0.0,1.0
UGC12632,core,2,1.8249172536301903,1.8249172536301903,1.8643656461553408,0.0,1.0
UGC12632,inner_disk,4,2.6235238528004814,2.6235238528004814,2.95222516306771,0.0,1.0
UGC12632,mid_disk,2,2.855757533385332,2.855757533385332,2.85647066670507,0.0,1.0
UGC12632,outer_disk,4,2.37871704828258,2.37871704828258,2.5406622641345695,0.0,1.0
UGC12632,edge,3,2.228807090404568,2.2288070904045676,2.3435315421676073,0.0,1.0
UGC12732,core,3,1.8251888370070135,1.8251888370070135,2.2398376112675242,0.0,1.0
UGC12732,inner_disk,3,2.5839672299457344,2.5839672299457344,2.836893491693262,0.0,1.0
UGC12732,mid_disk,3,3.106023060932985,3.106023060932985,3.298568950563747,0.0,1.0
UGC12732,outer_disk,3,3.402957233646013,3.402957233646013,3.501389172334498,0.0,1.0
UGC12732,edge,4,3.0149987278846653,3.0149987278846653,3.0826472919418757,0.0,1.0
UGCA281,core,1,1.8297528297528303,1.8297528297528303,1.8297528297528303,0.0,1.0
UGCA281,inner_disk,2,0.5076152901885265,0.5076152901885265,0.5083085539704519,0.0,0.0
UGCA281,mid_disk,1,0.8333605444538407,0.8333605444538407,0.8333605444538407,0.0,0.0
UGCA281,outer_disk,1,0.9040830590614465,0.9040830590614465,0.9040830590614465,0.0,0.0
UGCA281,edge,2,1.211480911681183,1.211480911681183,1.3037375743105928,0.0,1.0
UGCA442,core,2,2.5830485141662605,2.5830485141662605,3.330263092903943,0.0,1.0
UGCA442,inner_disk,1,1.9435326769774945,1.9435326769774945,1.9435326769774945,0.0,1.0
UGCA442,mid_disk,2,2.9802908412249574,2.9802908412249574,3.4259593872419702,0.0,1.0
UGCA442,outer_disk,1,4.225775735995944,4.225775735995944,4.225775735995944,0.0,1.0
UGCA442,edge,2,6.427119028604346,6.427119028604346,7.115609910742909,0.0,1.0
UGCA444,core,6,7.484743980207109,7.48474398020711,13.118545385129325,0.0,1.0
UGCA444,inner_disk,8,2.793483427139358,2.793483427139358,3.5668535627701536,0.0,1.0
UGCA444,mid_disk,7,2.078368969280741,2.078368969280741,2.5322828777005912,0.0,1.0
UGCA444,outer_disk,7,2.8564119222196704,2.856411922219671,3.2891152022225185,0.0,1.0
UGCA444,edge,8,4.087773822041482,4.087773822041482,5.720264835856561,0.0,1.0
