galaxy,mean_abs_W,std_W,max_abs_W,frac_W_gt_1,cluster
CamB,0.5411848159546525,0.4162951357273362,0.7824082631654723,0.0,0
D512-2,1.5382038331830998,0.3346653976949438,1.89375451809339,1.0,2
D564-8,2.565799389255496,1.6520422218374051,4.782534156272754,0.8333333333333334,2
D631-7,3.0144556625141883,2.779723561382822,7.332645986712088,0.625,1
DDO064,2.1818499874633552,1.4287699465307846,6.729627820650585,0.9285714285714286,2
DDO154,3.82526784907211,2.077113551386011,6.296075318348423,0.8333333333333334,2
DDO161,1.3643033982269264,1.132916665213881,3.560361187461394,0.5806451612903226,2
DDO168,1.591922540278526,1.0747516614714947,2.727328600796577,0.6,2
DDO170,2.2582879853339763,0.7506735801028686,3.576829260646478,0.875,2
ESO079-G014,0.5074221412980501,0.3808977916329132,0.8621423646525541,0.0,0
ESO116-G012,1.2461158020653942,0.8951192035733079,2.817659059185645,0.5333333333333333,2
ESO444-G084,5.716330679057044,3.8471123428749454,12.962361585348098,1.0,1
ESO563-G021,0.5914478807964262,0.6080427892491126,1.5089981415051965,0.1666666666666666,0
F561-1,0.1684624179213435,0.1999485699796218,0.3525181387391534,0.0,0
F563-V1,0.1134566271163006,0.1599484433240115,0.2482567375882761,0.0,0
F563-V2,3.650955933669978,0.6908207450468631,4.656087080454222,1.0,2
F565-V2,4.429167203725734,1.4572514574602735,5.970767270931056,1.0,2
F567-2,0.6588582755355322,0.371843656500306,1.0904544867418298,0.2,0
F568-1,3.6435232682465775,1.6058710244288097,5.822090730120251,0.9166666666666666,2
F568-3,1.5486449581660295,0.8126278489476473,2.6743496382003142,0.7777777777777778,2
F568-V1,3.7353082288330417,1.1257844086267517,4.81354737742586,1.0,2
F571-8,1.4711974950115034,1.9758693986543547,5.480560365954142,0.3846153846153846,2
F571-V1,2.2434527036875798,1.0104926777259464,3.583008775623783,0.8571428571428571,2
F574-1,1.876264799528328,0.6717108987343908,2.447634244291486,0.8571428571428571,2
F574-2,0.3808483425596963,0.1889645495962189,0.7068911053192543,0.0,0
F579-V1,1.8805083274460384,0.9469480102671592,4.316087579111056,1.0,2
F583-1,3.6643038072183582,1.8433607670451295,7.2448865921960595,0.84,2
F583-4,1.3840400343483816,0.5324979430171659,2.6381836092662607,0.75,2
IC2574,1.4828971679554888,0.6966057500157729,2.6025694358869176,0.7941176470588235,2
IC4202,0.226775208279466,0.3298797409981112,0.93281225588742,0.0,0
KK98-251,1.01849531390931,0.3140741802961754,1.5531825720688417,0.4,0
NGC0024,1.4207492431202695,1.01563762540453,4.975093538607919,0.7586206896551724,2
NGC0055,0.8542202489891493,0.4776264816487134,1.3098876852507848,0.5714285714285714,0
NGC0100,1.20778601993588,1.0981909050159675,3.0036365363988438,0.4761904761904761,2
NGC0247,1.4680027779042617,0.304136565998018,2.194426513946536,1.0,2
NGC0289,1.1603598151799492,1.013898043948018,2.762701345638746,0.5357142857142857,2
NGC0300,1.9824645280073585,1.111536509281782,4.10954732704148,0.76,2
NGC0801,0.291485109986826,0.3438975698058981,0.5813086604895532,0.0,0
NGC0891,0.2870091292051417,0.2411692965201632,0.6754824706311437,0.0,0
NGC1003,2.7039608626667326,2.030055755708208,5.9951354527532805,0.7777777777777778,2
NGC1090,0.3712511382632358,0.4447311092916307,0.8264044127814092,0.0,0
NGC1705,4.268104674139626,2.5213579809332862,7.773537613587472,0.9285714285714286,1
NGC2366,1.270807533948433,0.7945864941889846,2.15112675819321,0.6923076923076923,2
NGC2683,0.4985433535051169,0.5258205754295702,1.1880573963700376,0.2727272727272727,0
NGC2841,1.16687722387523,1.189085210552602,3.911781006985684,0.42,2
NGC2903,0.5087530932617765,0.5920764036235694,1.124684276998631,0.0588235294117647,0
NGC2915,6.187063145971662,3.4185513231952918,10.091944881309628,0.8666666666666667,1
NGC2955,0.2214375807596821,0.1931014963458744,0.4312226728611636,0.0,0
NGC2976,0.1549474985378084,0.1978353971471738,0.68031857526064,0.0,0
NGC2998,0.6296956155282406,0.8247866300235358,3.079384623318689,0.0769230769230769,0
NGC3109,4.709483081084391,1.6914931760921017,7.449970849560411,1.0,2
NGC3198,0.773642586317604,0.9722843072350992,2.6473275288127947,0.3255813953488372,0
NGC3521,0.3691260105006302,0.2699784626887399,0.8054616900927904,0.0,0
NGC3726,0.5114031813595438,0.6875952033708694,1.440409306929532,0.25,0
NGC3741,6.572310762409183,3.8051892636812,12.647491071025836,0.9047619047619048,1
NGC3769,1.1997027756962753,1.3245409114086255,3.0808052187180004,0.3333333333333333,2
NGC3877,0.2691308632732666,0.2654503652752961,0.862313618229074,0.0,0
NGC3893,0.3873752145305926,0.4399581105748439,0.7366654330526294,0.0,0
NGC3917,0.5815460922430873,0.3670378497081334,1.1276116989057063,0.0588235294117647,0
NGC3949,0.2771467982286854,0.1952283935094103,0.4290572001826551,0.0,0
NGC3953,0.1437142879780678,0.0499330943688664,0.21370406506238,0.0,0
NGC3972,0.4824189930121389,0.3220721904355165,0.9013506514794396,0.0,0
NGC3992,0.5837669485977998,0.3943467160411953,1.2587330015452716,0.2222222222222222,0
NGC4010,0.3710522534399884,0.3688670146226314,0.6043354913858966,0.0,0
NGC4013,0.5965841871879596,0.6219388715734463,1.5331824595743364,0.25,0
NGC4051,0.289618735791894,0.108798618894632,0.4873778929309197,0.0,0
NGC4068,0.4547798224503867,0.564113091889127,0.9385474249631502,0.0,0
NGC4085,0.387946486527959,0.2464987922326082,0.8018435435916609,0.0,0
NGC4088,0.3604292259004962,0.237032782534398,0.6166338430238179,0.0,0
NGC4100,0.4175014625419915,0.3389069098944399,0.937935620615048,0.0,0
NGC4138,0.4339872410255324,0.464736012514935,1.0386709235565277,0.1428571428571428,0
NGC4157,0.399601568943291,0.4802316664569889,0.93256248530709,0.0,0
NGC4183,1.143674516980765,0.5304879828517878,2.4172417065451914,0.4782608695652174,0
NGC4214,2.3090840149866243,1.5923735923297562,4.865156015248197,0.7142857142857143,2
NGC4217,0.355266626568569,0.3839621455525475,0.9050161210777816,0.0,0
NGC4389,0.6836627640045547,0.1721851311570562,0.9007266922280104,0.0,0
NGC4559,0.5167761463305391,0.5197923668715372,1.0488706506622003,0.125,0
NGC5005,0.3107028537192665,0.1078562370133793,0.4663587022658044,0.0,0
NGC5033,0.8430949856044229,0.7657531390946244,1.983998548578632,0.4090909090909091,0
NGC5055,0.5346013604481067,0.614034996566963,1.1605057733499158,0.1071428571428571,0
NGC5371,0.2261425906074502,0.1674133615532581,0.3803035533104534,0.0,0
NGC5585,0.9390152235951847,1.0786245055564507,2.518438038835608,0.375,0
NGC5907,0.523537397501337,0.4291352511614576,1.302192784334822,0.2105263157894736,0
NGC5985,0.944117128598768,0.2369626025597205,1.3831883697056402,0.3939393939393939,0
NGC6015,0.9210505735201908,0.8947340476097095,2.790114442053145,0.3863636363636363,0
NGC6195,0.2631502530325856,0.1523536442980442,0.4800716991398123,0.0,0
NGC6503,1.5099843911059747,1.1567940880165797,3.447981078510828,0.6129032258064516,2
NGC6674,1.2001215374668488,0.89082486719398,2.857500745001403,0.4666666666666667,2
NGC6789,2.894129842654364,1.610052057349504,5.104953061864493,1.0,2
NGC6946,0.2591440676037189,0.2892032954566531,0.5741071598892309,0.0,0
NGC7331,0.3533789529281879,0.3948237493190767,0.6720113035567931,0.0,0
NGC7793,0.2553212707705856,0.351039967829246,0.8883804913738513,0.0,0
NGC7814,0.638202157471642,0.6387961120486753,1.598541527997118,0.2777777777777778,0
PGC51017,0.5386451241951027,0.9049225933032962,1.958640285662791,0.1666666666666666,0
UGC00128,3.5947354422535103,1.4292017026303154,6.359475578232442,0.9545454545454546,2
UGC00191,1.388442383624717,0.5749488132224309,2.2592323296566565,0.7777777777777778,2
UGC00634,2.8677799375416413,1.4091480758463346,4.463247196707108,1.0,2
UGC00731,6.365171573033734,3.723902910032732,13.179089985176171,1.0,1
UGC00891,2.49027634326605,1.6700080575491305,4.683357263013311,0.8,2
UGC01230,2.1071400949007377,0.947143276849052,3.1728417894313,0.8181818181818182,2
UGC01281,1.9877683109725823,1.2225961540973385,3.593996733772552,0.72,2
UGC02023,0.3940250949143204,0.541394275057891,1.0155617475360603,0.2,0
UGC02259,2.8751439370915994,0.6218348306383594,4.071409936754215,1.0,2
UGC02455,0.6978601355820078,0.211343554693983,0.871815712762359,0.0,0
UGC02487,1.2073764365224386,0.8149514314512165,2.791412265390489,0.5882352941176471,2
UGC02885,0.687615761674114,0.582482059562333,1.637164899369638,0.3157894736842105,0
UGC02916,0.2842589822807646,0.3626515640804003,1.173651653970156,0.0232558139534883,0
UGC02953,0.6129087292586035,1.0155548382580557,7.051385465680784,0.2,2
UGC03205,0.354800009324644,0.517642917645843,2.3513870615520176,0.0833333333333333,0
UGC03546,0.4410665273004233,0.5010552535647297,1.308715092359822,0.0333333333333333,0
UGC03580,0.8311714741448941,1.1323380494141002,3.5515770107233804,0.1702127659574468,0
UGC04278,1.7650360411393988,1.0747118544990055,3.7954324704577,0.64,2
UGC04305,0.2728304662707757,0.2698970510541276,0.7645750993929823,0.0,0
UGC04325,2.2357826662553126,0.6459532362880095,3.3551994392496995,1.0,2
UGC04483,1.2002669685379903,0.6256926988203777,1.9018618424997031,0.625,2
UGC04499,1.1425016065613194,0.6139042657399182,1.6559210536206557,0.6666666666666666,2
UGC05005,1.64496805002848,1.4235901672846645,3.485959647598921,0.5454545454545454,2
UGC05253,0.3917633069812843,0.5395706785245332,1.8199836464209045,0.1232876712328767,0
UGC05414,0.6516957092144051,0.411181699415639,1.1884693839462983,0.1666666666666666,0
UGC05716,3.423093951489795,0.8109791110445581,4.649757727513745,1.0,2
UGC05721,2.996490622624408,1.9609042220244437,5.661515439032366,0.7391304347826086,2
UGC05750,1.2449885548493524,0.8353367343289786,2.00520614487685,0.6363636363636364,2
UGC05764,5.909876833913578,2.321951861896176,11.64038692945488,1.0,1
UGC05829,2.3016784843114007,0.5227845618267988,3.0498156594629706,1.0,2
UGC05918,3.3586334945310616,0.781744577595565,4.5553850479577385,1.0,2
UGC05986,1.4756795001817682,0.9199623777692134,2.7297917943638743,0.6666666666666666,2
UGC05999,1.8709767882735668,0.9413788035998832,2.761559004358783,0.8,2
UGC06399,1.5658853560132284,0.5697831945257097,2.3094753838749247,0.7777777777777778,2
UGC06446,2.971703915450968,0.5727102786814671,3.557695981301761,1.0,2
UGC06614,0.7356326861293696,0.9348053040713376,2.4123214354971134,0.3076923076923077,0
UGC06628,0.2397483991388008,0.1650443234486724,0.4355480292068068,0.0,0
UGC06667,8.748433988095176,3.9053579339054703,16.008098460226968,1.0,1
UGC06786,0.7050921883594179,0.9821486934467504,3.271663513367133,0.2222222222222222,0
UGC06787,0.7355668923846027,1.0784590203352475,3.99586677977468,0.2112676056338028,0
UGC06818,1.027480444302468,1.0971399992539714,2.3653888829374385,0.5,2
UGC06917,1.0495100592718063,0.4329044445360425,1.5445399639979145,0.7272727272727273,2
UGC06923,0.5211195575152924,0.4882400592783577,0.806227746924622,0.0,0
UGC06930,1.0655695312208489,0.431136821378538,1.730790676279,0.7,2
UGC06973,0.3836820405832775,0.2763184828987993,0.7736016946976989,0.0,0
UGC06983,1.8286887391445057,0.6476145704641149,2.705392220491451,0.8823529411764706,2
UGC07089,0.5395403683576555,0.4241613790597432,1.2610535521337374,0.1666666666666666,0
UGC07125,0.7013973057366983,0.3948051016751088,1.2508300450469545,0.0769230769230769,0
UGC07151,0.6388559804206616,0.3088885777902586,0.8793770858177792,0.0,0
UGC07232,0.5671242050354487,0.7234589232455996,1.5691286022706266,0.25,0
UGC07261,1.229432626676976,0.5361841475069151,1.7922232228363029,0.5714285714285714,0
UGC07323,0.2931252328064676,0.2297520343089617,0.6175204420190016,0.0,0
UGC07399,4.032200316037198,1.493859606550152,5.949078640983855,1.0,2
UGC07524,1.7561398992778854,0.4988287548806803,2.266974575635609,0.935483870967742,2
UGC07559,0.6441875356488572,0.5322157406984505,1.1450758908116203,0.4285714285714285,0
UGC07577,0.248879979423315,0.2524212403709694,0.4140141999443928,0.0,0
UGC07603,2.270063242431545,1.536076604872782,4.607197473147124,0.75,2
UGC07608,4.346824149128311,1.5067463024684564,5.43131574984058,0.875,2
UGC07690,0.642519272609486,0.3728429829987196,1.1224613055173691,0.1428571428571428,0
UGC07866,0.917867369760648,0.2412047909777888,1.3165054155960116,0.4285714285714285,0
UGC08286,2.739032528742185,0.8006205889356233,3.9191994482237686,0.9411764705882352,2
UGC08490,3.145385947142322,1.538578259509271,5.357096859329638,0.9,2
UGC08550,2.7707273924381983,1.2210399910594236,4.300124681705517,1.0,2
UGC08699,0.452697244592969,0.6175327614748175,2.31080684963021,0.1219512195121951,0
UGC08837,0.4888223377179346,0.5685024472666906,0.9314946465574376,0.0,0
UGC09037,0.3518303333400898,0.4047434126176874,0.7937612242592675,0.0,0
UGC09133,0.7009433417460035,0.8817524079240983,2.742755846492097,0.2794117647058823,0
UGC09992,0.5114313864297539,0.1379125521574212,0.741806488102881,0.0,0
UGC10310,1.3745340232044807,0.1468337918354648,1.5840890387858346,1.0,2
UGC11455,0.2995331616041558,0.3098463240898106,0.7570053870995048,0.0,0
UGC11557,0.4760094042483491,0.2771431876206678,0.9669617873838214,0.0,0
UGC11820,2.2378691077829105,0.8556351819385886,3.6288845461785897,0.8,2
UGC12506,1.5841136804107656,1.4496111033397132,9.085230726189463,0.7419354838709677,2
UGC12632,2.4037822966384668,0.355497290893065,2.95222516306771,1.0,2
UGC12732,2.800900249758368,0.5893154085863987,3.501389172334498,1.0,2
UGCA281,1.0007698338582194,0.4684747733210077,1.8297528297528305,0.4285714285714285,0
UGCA442,3.7687781476205706,1.8590010314163947,7.115609910742909,1.0,2
UGCA444,3.736166336533119,2.24015945933018,13.118545385129323,1.0,1
