galaxy,mean_abs_W,std_W,max_abs_W,frac_W_gt_1
CamB,0.5411848159546525,0.4162951357273362,0.7824082631654723,0.0
D512-2,1.5382038331830998,0.33466539769494386,1.8937545180933901,1.0
D564-8,2.565799389255496,1.6520422218374053,4.782534156272754,0.8333333333333334
D631-7,3.0144556625141883,2.779723561382822,7.332645986712088,0.625
DDO064,2.1818499874633552,1.4287699465307846,6.729627820650585,0.9285714285714286
DDO154,3.82526784907211,2.077113551386011,6.296075318348423,0.8333333333333334
DDO161,1.3643033982269264,1.132916665213881,3.560361187461394,0.5806451612903226
DDO168,1.591922540278526,1.0747516614714947,2.727328600796577,0.6
DDO170,2.2582879853339763,0.7506735801028686,3.576829260646478,0.875
ESO079-G014,0.5074221412980501,0.38089779163291326,0.8621423646525541,0.0
ESO116-G012,1.2461158020653942,0.8951192035733079,2.817659059185645,0.5333333333333333
ESO444-G084,5.716330679057044,3.8471123428749463,12.962361585348098,1.0
ESO563-G021,0.5914478807964262,0.6080427892491126,1.5089981415051965,0.16666666666666666
F561-1,0.16846241792134353,0.1999485699796218,0.35251813873915344,0.0
F563-V1,0.11345662711630067,0.1599484433240115,0.24825673758827618,0.0
F563-V2,3.650955933669978,0.6908207450468631,4.656087080454222,1.0
F565-V2,4.429167203725734,1.4572514574602737,5.970767270931056,1.0
F567-2,0.6588582755355322,0.371843656500306,1.0904544867418298,0.2
F568-1,3.6435232682465775,1.6058710244288095,5.822090730120251,0.9166666666666666
F568-3,1.5486449581660295,0.8126278489476473,2.6743496382003142,0.7777777777777778
F568-V1,3.7353082288330417,1.1257844086267517,4.81354737742586,1.0
F571-8,1.4711974950115034,1.9758693986543547,5.480560365954142,0.38461538461538464
F571-V1,2.2434527036875793,1.0104926777259464,3.583008775623783,0.8571428571428571
F574-1,1.8762647995283281,0.6717108987343908,2.447634244291486,0.8571428571428571
F574-2,0.38084834255969635,0.1889645495962189,0.7068911053192543,0.0
F579-V1,1.8805083274460384,0.9469480102671592,4.316087579111056,1.0
F583-1,3.6643038072183582,1.8433607670451297,7.2448865921960595,0.84
F583-4,1.3840400343483816,0.5324979430171659,2.6381836092662607,0.75
IC2574,1.4828971679554888,0.6966057500157729,2.6025694358869176,0.7941176470588235
IC4202,0.22677520827946607,0.3298797409981112,0.93281225588742,0.0
KK98-251,1.01849531390931,0.31407418029617545,1.5531825720688415,0.4
NGC0024,1.4207492431202695,1.01563762540453,4.9750935386079185,0.7586206896551724
NGC0055,0.8542202489891493,0.47762648164871346,1.3098876852507848,0.5714285714285714
NGC0100,1.2077860199358799,1.0981909050159675,3.0036365363988433,0.47619047619047616
NGC0247,1.4680027779042615,0.304136565998018,2.194426513946536,1.0
NGC0289,1.1603598151799492,1.013898043948018,2.762701345638746,0.5357142857142857
NGC0300,1.9824645280073583,1.111536509281782,4.10954732704148,0.76
NGC0801,0.291485109986826,0.3438975698058981,0.5813086604895532,0.0
NGC0891,0.28700912920514177,0.24116929652016328,0.6754824706311437,0.0
NGC1003,2.7039608626667326,2.030055755708208,5.9951354527532805,0.7777777777777778
NGC1090,0.3712511382632358,0.4447311092916307,0.8264044127814092,0.0
NGC1705,4.268104674139626,2.5213579809332862,7.773537613587472,0.9285714285714286
NGC2366,1.270807533948433,0.7945864941889846,2.15112675819321,0.6923076923076923
NGC2683,0.49854335350511697,0.5258205754295702,1.1880573963700376,0.2727272727272727
NGC2841,1.1668772238752299,1.189085210552602,3.9117810069856835,0.42
NGC2903,0.5087530932617765,0.5920764036235694,1.124684276998631,0.058823529411764705
NGC2915,6.187063145971662,3.4185513231952913,10.091944881309628,0.8666666666666667
NGC2955,0.2214375807596821,0.19310149634587445,0.4312226728611636,0.0
NGC2976,0.15494749853780845,0.19783539714717388,0.68031857526064,0.0
NGC2998,0.6296956155282406,0.8247866300235358,3.079384623318689,0.07692307692307693
NGC3109,4.709483081084391,1.6914931760921015,7.449970849560411,1.0
NGC3198,0.773642586317604,0.9722843072350992,2.6473275288127947,0.32558139534883723
NGC3521,0.3691260105006302,0.2699784626887399,0.8054616900927904,0.0
NGC3726,0.5114031813595438,0.6875952033708694,1.440409306929532,0.25
NGC3741,6.572310762409183,3.8051892636812,12.647491071025835,0.9047619047619048
NGC3769,1.1997027756962753,1.3245409114086257,3.0808052187180004,0.3333333333333333
NGC3877,0.26913086327326663,0.2654503652752961,0.862313618229074,0.0
NGC3893,0.3873752145305926,0.43995811057484396,0.7366654330526294,0.0
NGC3917,0.5815460922430873,0.3670378497081334,1.1276116989057063,0.058823529411764705
NGC3949,0.2771467982286854,0.19522839350941032,0.4290572001826551,0.0
NGC3953,0.14371428797806785,0.049933094368866476,0.21370406506238004,0.0
NGC3972,0.4824189930121389,0.3220721904355165,0.9013506514794396,0.0
NGC3992,0.5837669485977998,0.3943467160411953,1.2587330015452716,0.2222222222222222
NGC4010,0.37105225343998843,0.3688670146226314,0.6043354913858966,0.0
NGC4013,0.5965841871879596,0.6219388715734463,1.5331824595743364,0.25
NGC4051,0.289618735791894,0.10879861889463208,0.48737789293091976,0.0
NGC4068,0.45477982245038673,0.564113091889127,0.9385474249631502,0.0
NGC4085,0.38794648652795904,0.24649879223260826,0.8018435435916609,0.0
NGC4088,0.3604292259004962,0.23703278253439802,0.6166338430238179,0.0
NGC4100,0.41750146254199155,0.3389069098944399,0.9379356206150481,0.0
NGC4138,0.4339872410255324,0.464736012514935,1.0386709235565275,0.14285714285714285
NGC4157,0.399601568943291,0.4802316664569889,0.93256248530709,0.0
NGC4183,1.143674516980765,0.5304879828517878,2.4172417065451914,0.4782608695652174
NGC4214,2.3090840149866243,1.5923735923297562,4.865156015248197,0.7142857142857143
NGC4217,0.355266626568569,0.38396214555254754,0.9050161210777817,0.0
NGC4389,0.6836627640045547,0.17218513115705622,0.9007266922280105,0.0
NGC4559,0.5167761463305391,0.5197923668715372,1.0488706506622005,0.125
NGC5005,0.31070285371926654,0.10785623701337933,0.46635870226580445,0.0
NGC5033,0.8430949856044229,0.7657531390946244,1.9839985485786318,0.4090909090909091
NGC5055,0.5346013604481067,0.614034996566963,1.1605057733499158,0.10714285714285714
NGC5371,0.2261425906074502,0.16741336155325812,0.38030355331045346,0.0
NGC5585,0.9390152235951849,1.0786245055564507,2.5184380388356082,0.375
NGC5907,0.523537397501337,0.4291352511614576,1.302192784334822,0.21052631578947367
NGC5985,0.9441171285987681,0.23696260255972051,1.3831883697056402,0.3939393939393939
NGC6015,0.9210505735201907,0.8947340476097095,2.790114442053145,0.38636363636363635
NGC6195,0.2631502530325856,0.15235364429804427,0.48007169913981235,0.0
NGC6503,1.5099843911059747,1.1567940880165797,3.4479810785108276,0.6129032258064516
NGC6674,1.2001215374668488,0.89082486719398,2.857500745001403,0.4666666666666667
NGC6789,2.8941298426543636,1.610052057349504,5.104953061864493,1.0
NGC6946,0.25914406760371894,0.28920329545665313,0.5741071598892309,0.0
NGC7331,0.3533789529281879,0.3948237493190767,0.6720113035567931,0.0
NGC7793,0.2553212707705856,0.35103996782924607,0.8883804913738513,0.0
NGC7814,0.638202157471642,0.6387961120486753,1.598541527997118,0.2777777777777778
PGC51017,0.5386451241951027,0.9049225933032962,1.958640285662791,0.16666666666666666
UGC00128,3.5947354422535103,1.4292017026303154,6.359475578232442,0.9545454545454546
UGC00191,1.388442383624717,0.5749488132224309,2.2592323296566565,0.7777777777777778
UGC00634,2.8677799375416413,1.4091480758463346,4.4632471967071075,1.0
UGC00731,6.365171573033734,3.723902910032732,13.179089985176171,1.0
UGC00891,2.49027634326605,1.6700080575491305,4.683357263013311,0.8
UGC01230,2.1071400949007377,0.947143276849052,3.1728417894313,0.8181818181818182
UGC01281,1.9877683109725826,1.2225961540973385,3.5939967337725522,0.72
UGC02023,0.3940250949143204,0.541394275057891,1.0155617475360605,0.2
UGC02259,2.8751439370915994,0.6218348306383594,4.071409936754215,1.0
UGC02455,0.6978601355820078,0.21134355469398303,0.871815712762359,0.0
UGC02487,1.2073764365224386,0.8149514314512165,2.791412265390489,0.5882352941176471
UGC02885,0.687615761674114,0.582482059562333,1.637164899369638,0.3157894736842105
UGC02916,0.2842589822807646,0.3626515640804003,1.173651653970156,0.023255813953488372
UGC02953,0.6129087292586035,1.0155548382580557,7.0513854656807835,0.2
UGC03205,0.354800009324644,0.517642917645843,2.3513870615520176,0.08333333333333333
UGC03546,0.4410665273004233,0.5010552535647297,1.308715092359822,0.03333333333333333
UGC03580,0.8311714741448941,1.1323380494141002,3.5515770107233804,0.1702127659574468
UGC04278,1.7650360411393988,1.0747118544990057,3.7954324704577003,0.64
UGC04305,0.27283046627077573,0.26989705105412765,0.7645750993929823,0.0
UGC04325,2.2357826662553126,0.6459532362880095,3.3551994392496995,1.0
UGC04483,1.2002669685379903,0.6256926988203777,1.9018618424997031,0.625
UGC04499,1.1425016065613194,0.6139042657399182,1.6559210536206557,0.6666666666666666
UGC05005,1.64496805002848,1.4235901672846645,3.485959647598921,0.5454545454545454
UGC05253,0.3917633069812843,0.5395706785245332,1.8199836464209043,0.1232876712328767
UGC05414,0.6516957092144051,0.411181699415639,1.1884693839462985,0.16666666666666666
UGC05716,3.423093951489795,0.8109791110445581,4.649757727513745,1.0
UGC05721,2.996490622624408,1.9609042220244435,5.661515439032366,0.7391304347826086
UGC05750,1.2449885548493524,0.8353367343289786,2.00520614487685,0.6363636363636364
UGC05764,5.909876833913578,2.3219518618961756,11.64038692945488,1.0
UGC05829,2.3016784843114007,0.5227845618267988,3.0498156594629706,1.0
UGC05918,3.3586334945310616,0.781744577595565,4.5553850479577385,1.0
UGC05986,1.4756795001817682,0.9199623777692134,2.7297917943638743,0.6666666666666666
UGC05999,1.8709767882735668,0.9413788035998832,2.761559004358783,0.8
UGC06399,1.5658853560132284,0.5697831945257097,2.3094753838749247,0.7777777777777778
UGC06446,2.9717039154509677,0.5727102786814671,3.5576959813017606,1.0
UGC06614,0.7356326861293696,0.9348053040713376,2.4123214354971134,0.3076923076923077
UGC06628,0.2397483991388008,0.16504432344867245,0.43554802920680685,0.0
UGC06667,8.748433988095176,3.9053579339054703,16.008098460226968,1.0
UGC06786,0.7050921883594179,0.9821486934467503,3.271663513367133,0.2222222222222222
UGC06787,0.7355668923846027,1.0784590203352475,3.9958667797746794,0.2112676056338028
UGC06818,1.027480444302468,1.0971399992539714,2.3653888829374385,0.5
UGC06917,1.0495100592718063,0.43290444453604254,1.5445399639979143,0.7272727272727273
UGC06923,0.5211195575152924,0.48824005927835773,0.806227746924622,0.0
UGC06930,1.0655695312208489,0.431136821378538,1.730790676279,0.7
UGC06973,0.38368204058327754,0.27631848289879934,0.7736016946976989,0.0
UGC06983,1.8286887391445057,0.6476145704641149,2.705392220491451,0.8823529411764706
UGC07089,0.5395403683576555,0.42416137905974327,1.2610535521337374,0.16666666666666666
UGC07125,0.7013973057366983,0.39480510167510885,1.2508300450469545,0.07692307692307693
UGC07151,0.6388559804206616,0.3088885777902586,0.8793770858177792,0.0
UGC07232,0.5671242050354487,0.7234589232455996,1.5691286022706266,0.25
UGC07261,1.229432626676976,0.5361841475069151,1.7922232228363029,0.5714285714285714
UGC07323,0.29312523280646763,0.2297520343089617,0.6175204420190016,0.0
UGC07399,4.032200316037198,1.493859606550152,5.9490786409838545,1.0
UGC07524,1.7561398992778854,0.49882875488068035,2.266974575635609,0.9354838709677419
UGC07559,0.6441875356488572,0.5322157406984505,1.1450758908116203,0.42857142857142855
UGC07577,0.24887997942331502,0.25242124037096947,0.41401419994439287,0.0
UGC07603,2.270063242431545,1.5360766048727819,4.6071974731471235,0.75
UGC07608,4.346824149128311,1.5067463024684564,5.43131574984058,0.875
UGC07690,0.642519272609486,0.3728429829987196,1.1224613055173691,0.14285714285714285
UGC07866,0.9178673697606479,0.2412047909777888,1.3165054155960116,0.42857142857142855
UGC08286,2.7390325287421855,0.8006205889356233,3.9191994482237686,0.9411764705882353
UGC08490,3.145385947142322,1.538578259509271,5.357096859329638,0.9
UGC08550,2.7707273924381983,1.2210399910594236,4.300124681705517,1.0
UGC08699,0.452697244592969,0.6175327614748175,2.31080684963021,0.12195121951219512
UGC08837,0.4888223377179346,0.5685024472666906,0.9314946465574377,0.0
UGC09037,0.3518303333400898,0.4047434126176874,0.7937612242592675,0.0
UGC09133,0.7009433417460035,0.8817524079240983,2.742755846492097,0.27941176470588236
UGC09992,0.5114313864297539,0.1379125521574212,0.741806488102881,0.0
UGC10310,1.3745340232044807,0.14683379183546488,1.5840890387858346,1.0
UGC11455,0.2995331616041558,0.30984632408981067,0.7570053870995048,0.0
UGC11557,0.47600940424834914,0.27714318762066786,0.9669617873838214,0.0
UGC11820,2.2378691077829105,0.8556351819385886,3.6288845461785897,0.8
UGC12506,1.5841136804107656,1.4496111033397132,9.085230726189465,0.7419354838709677
UGC12632,2.4037822966384668,0.35549729089306503,2.95222516306771,1.0
UGC12732,2.800900249758368,0.5893154085863987,3.501389172334498,1.0
UGCA281,1.0007698338582194,0.46847477332100773,1.8297528297528303,0.42857142857142855
UGCA442,3.7687781476205706,1.8590010314163947,7.115609910742909,1.0
UGCA444,3.7361663365331186,2.24015945933018,13.118545385129325,1.0
